backend,branch_id,paper_fit_branch,point_index,T_K,p_Pa,F,N_a_m3,N_a_cm3,log_w,w_m_s,table_ii_reference_w_m_s,log_n,log_q,n,q,s,hopf_frequency,eigenvalue_real,eigenvalue_imag,residual_norm,equilibrium_residual_norm,eigen_residual_norm,physical_residual_norm,converged,iterations,message,jacobian_coordinate_system,state_coordinate_system,continuation_parameterization,normalization,phase_condition,method,method_metadata,source_file
python,lower_hopf,wb,0,190.0,30000.0,1.0,10000000000.0,10000.0,-5.976855534251504,0.0025367906150969228,0.002540772780330431,8.516871815814337,-17.982459303513654,4998.393380168533,1.549948090605953e-08,1.5660053582349733,0.00043106496245296335,0.0,0.00043106496245296335,1.3960028467121025e-13,1.246123719860908e-13,6.292850092194372e-14,2.2474034508306648e-11,True,6,`gtol` termination condition is satisfied.,physical_ode_state,log_n_log_q_s_internal__physical_state_output,fixed_T_augmented_unknown_log_w,norm(v_real)^2 + norm(v_imag)^2 = 1,"dot(v_real, previous_v_imag) - dot(v_imag, previous_v_real) = 0",python_characteristic_augmented_hopf_least_squares_predictor_corrector,equilibrium rows use log-state/log-w residual; Hopf row uses physical ODE Jacobian characteristic-polynomial condition a1*a2-a3=0,episodes/006-figure3-hopf-bifurcation/scripts/generate_python_hopf_loci.py
python,lower_hopf,wb,1,191.0,30000.0,1.0,10000000000.0,10000.0,-5.888114612909845,0.002772198440014682,0.0027749166452017957,8.548866489960465,-17.821250109011892,5160.901177146523,1.8210816448993277e-08,1.5637857310270522,0.0004687831179941771,0.0,0.0004687831179941771,1.2646295550215465e-13,1.1233877529760542e-13,5.807648989887444e-14,1.9527702410378232e-11,True,6,`gtol` termination condition is satisfied.,physical_ode_state,log_n_log_q_s_internal__physical_state_output,fixed_T_augmented_unknown_log_w,norm(v_real)^2 + norm(v_imag)^2 = 1,"dot(v_real, previous_v_imag) - dot(v_imag, previous_v_real) = 0",python_characteristic_augmented_hopf_least_squares_predictor_corrector,equilibrium rows use log-state/log-w residual; Hopf row uses physical ODE Jacobian characteristic-polynomial condition a1*a2-a3=0,episodes/006-figure3-hopf-bifurcation/scripts/generate_python_hopf_loci.py
python,lower_hopf,wb,2,192.0,30000.0,1.0,10000000000.0,10000.0,-5.800233648986881,0.003026847442910302,0.0030283962803249226,8.580619904525623,-17.66168972320285,5327.406985607304,2.1361198322169857e-08,1.5615244615109172,0.0005093374120820106,0.0,0.0005093374120820106,1.0351945241725791e-13,8.822505068105418e-14,5.4153646794046525e-14,1.4846164123477358e-11,True,6,`gtol` termination condition is satisfied.,physical_ode_state,log_n_log_q_s_internal__physical_state_output,fixed_T_augmented_unknown_log_w,norm(v_real)^2 + norm(v_imag)^2 = 1,"dot(v_real, previous_v_imag) - dot(v_imag, previous_v_real) = 0",python_characteristic_augmented_hopf_least_squares_predictor_corrector,equilibrium rows use log-state/log-w residual; Hopf row uses physical ODE Jacobian characteristic-polynomial condition a1*a2-a3=0,episodes/006-figure3-hopf-bifurcation/scripts/generate_python_hopf_loci.py
python,lower_hopf,wb,3,193.0,30000.0,1.0,10000000000.0,10000.0,-5.713202178173351,0.0033020817430482103,0.003302585838268172,8.612137262129345,-17.503754076150138,5497.9867685519575,2.501590345445489e-08,1.5592219145998127,0.0005529026342883916,0.0,0.0005529026342883916,7.649177873167062e-14,6.230529599172076e-14,4.437389215427155e-14,1.0207913504458764e-11,True,6,`gtol` termination condition is satisfied.,physical_ode_state,log_n_log_q_s_internal__physical_state_output,fixed_T_augmented_unknown_log_w,norm(v_real)^2 + norm(v_imag)^2 = 1,"dot(v_real, previous_v_imag) - dot(v_imag, previous_v_real) = 0",python_characteristic_augmented_hopf_least_squares_predictor_corrector,equilibrium rows use log-state/log-w residual; Hopf row uses physical ODE Jacobian characteristic-polynomial condition a1*a2-a3=0,episodes/006-figure3-hopf-bifurcation/scripts/generate_python_hopf_loci.py
python,lower_hopf,wb,4,194.0,30000.0,1.0,10000000000.0,10000.0,-5.627009862888652,0.0035993217181792283,0.003598936405818855,8.643424051584882,-17.34741938485747,5672.720295422996,2.924903120956797e-08,1.556878444498324,0.000599661519808614,0.0,0.000599661519808614,5.2052847978879746e-14,3.9260680948266185e-14,3.417744744990202e-14,6.375243428850965e-12,True,6,`gtol` termination condition is satisfied.,physical_ode_state,log_n_log_q_s_internal__physical_state_output,fixed_T_augmented_unknown_log_w,norm(v_real)^2 + norm(v_imag)^2 = 1,"dot(v_real, previous_v_imag) - dot(v_imag, previous_v_real) = 0",python_characteristic_augmented_hopf_least_squares_predictor_corrector,equilibrium rows use log-state/log-w residual; Hopf row uses physical ODE Jacobian characteristic-polynomial condition a1*a2-a3=0,episodes/006-figure3-hopf-bifurcation/scripts/generate_python_hopf_loci.py
python,lower_hopf,wb,5,195.0,30000.0,1.0,10000000000.0,10000.0,-5.541646529007504,0.003920067017568138,0.003918978483826695,8.67448603375715,-17.19266217316277,5851.691441638437,3.414457323696574e-08,1.554494395022158,0.000649804908437681,0.0,0.000649804908437681,2.923725228674564e-14,2.3086218946881153e-14,1.7939994872225537e-14,3.740412553918839e-12,True,6,`gtol` termination condition is satisfied.,physical_ode_state,log_n_log_q_s_internal__physical_state_output,fixed_T_augmented_unknown_log_w,norm(v_real)^2 + norm(v_imag)^2 = 1,"dot(v_real, previous_v_imag) - dot(v_imag, previous_v_real) = 0",python_characteristic_augmented_hopf_least_squares_predictor_corrector,equilibrium rows use log-state/log-w residual; Hopf row uses physical ODE Jacobian characteristic-polynomial condition a1*a2-a3=0,episodes/006-figure3-hopf-bifurcation/scripts/generate_python_hopf_loci.py
python,lower_hopf,wb,6,196.0,30000.0,1.0,10000000000.0,10000.0,-5.457102199510431,0.004265899577078597,0.0042643243838518165,8.705329234279986,-17.039459286546712,6034.988538027204,3.9797597669255744e-08,1.5520700999229526,0.0007035318882944349,0.0,0.0007035318882944349,2.6309441897724073e-14,1.3104402984376764e-14,2.2813622145393225e-14,2.147211284867587e-12,True,6,`gtol` termination condition is satisfied.,physical_ode_state,log_n_log_q_s_internal__physical_state_output,fixed_T_augmented_unknown_log_w,norm(v_real)^2 + norm(v_imag)^2 = 1,"dot(v_real, previous_v_imag) - dot(v_imag, previous_v_real) = 0",python_characteristic_augmented_hopf_least_squares_predictor_corrector,equilibrium rows use log-state/log-w residual; Hopf row uses physical ODE Jacobian characteristic-polynomial condition a1*a2-a3=0,episodes/006-figure3-hopf-bifurcation/scripts/generate_python_hopf_loci.py
python,lower_hopf,wb,7,197.0,30000.0,1.0,10000000000.0,10000.0,-5.3733671240929395,0.004638486626194072,0.0046366705230529905,8.735959942205845,-16.887787902908197,6222.704773175916,4.631555816081519e-08,1.5496058832145936,0.0007610499214860784,0.0,0.0007610499214860784,1.3919930122252817e-14,6.9180842436424735e-15,1.2079096199892899e-14,1.1668648902168547e-12,True,6,`gtol` termination condition is satisfied.,physical_ode_state,log_n_log_q_s_internal__physical_state_output,fixed_T_augmented_unknown_log_w,norm(v_real)^2 + norm(v_imag)^2 = 1,"dot(v_real, previous_v_imag) - dot(v_imag, previous_v_real) = 0",python_characteristic_augmented_hopf_least_squares_predictor_corrector,equilibrium rows use log-state/log-w residual; Hopf row uses physical ODE Jacobian characteristic-polynomial condition a1*a2-a3=0,episodes/006-figure3-hopf-bifurcation/scripts/generate_python_hopf_loci.py
python,lower_hopf,wb,8,198.0,30000.0,1.0,10000000000.0,10000.0,-5.290431806518237,0.005039583664715226,0.0050377995976444755,8.76638471405473,-16.737625539966704,6414.938653680361,5.381973906410115e-08,1.5471020594989775,0.0008225749486001434,0.0,0.0008225749486001434,8.504876117698987e-15,3.48965193341879e-15,7.755981379618771e-15,6.27951830805634e-13,True,6,`gtol` termination condition is satisfied.,physical_ode_state,log_n_log_q_s_internal__physical_state_output,fixed_T_augmented_unknown_log_w,norm(v_real)^2 + norm(v_imag)^2 = 1,"dot(v_real, previous_v_imag) - dot(v_imag, previous_v_real) = 0",python_characteristic_augmented_hopf_least_squares_predictor_corrector,equilibrium rows use log-state/log-w residual; Hopf row uses physical ODE Jacobian characteristic-polynomial condition a1*a2-a3=0,episodes/006-figure3-hopf-bifurcation/scripts/generate_python_hopf_loci.py
python,lower_hopf,wb,9,199.0,30000.0,1.0,10000000000.0,10000.0,-5.208287030776894,0.005471037384146689,0.005469582614163923,8.796610382806952,-16.588950059875426,6611.794527794894,6.244684888368997e-08,1.5445589342895254,0.0008883314684988588,0.0,0.0008883314684988588,5.257094883550406e-15,1.5984728519823369e-15,5.008186413875517e-15,3.168616792176449e-13,True,6,`gtol` termination condition is satisfied.,physical_ode_state,log_n_log_q_s_internal__physical_state_output,fixed_T_augmented_unknown_log_w,norm(v_real)^2 + norm(v_imag)^2 = 1,"dot(v_real, previous_v_imag) - dot(v_imag, previous_v_real) = 0",python_characteristic_augmented_hopf_least_squares_predictor_corrector,equilibrium rows use log-state/log-w residual; Hopf row uses physical ODE Jacobian characteristic-polynomial condition a1*a2-a3=0,episodes/006-figure3-hopf-bifurcation/scripts/generate_python_hopf_loci.py
python,lower_hopf,wb,10,200.0,30000.0,1.0,10000000000.0,10000.0,-5.12692388590156,0.005934788510155685,0.005933980756742751,8.826644071421129,-16.441739671593677,6813.383178306144,7.235077503726492e-08,1.541976804330945,0.0009585525894116189,0.0,0.0009585525894116189,1.8854237995276245e-15,6.649130420835105e-16,1.7642883977095227e-15,1.727519803052811e-13,True,6,`gtol` termination condition is satisfied.,physical_ode_state,log_n_log_q_s_internal__physical_state_output,fixed_T_augmented_unknown_log_w,norm(v_real)^2 + norm(v_imag)^2 = 1,"dot(v_real, previous_v_imag) - dot(v_imag, previous_v_real) = 0",python_characteristic_augmented_hopf_least_squares_predictor_corrector,equilibrium rows use log-state/log-w residual; Hopf row uses physical ODE Jacobian characteristic-polynomial condition a1*a2-a3=0,episodes/006-figure3-hopf-bifurcation/scripts/generate_python_hopf_loci.py
python,lower_hopf,wb,11,201.0,30000.0,1.0,10000000000.0,10000.0,-5.046333790309539,0.006432874533559481,0.006433047067559374,8.85649321062466,-16.295972931401863,7019.822491749996,8.370451389942301e-08,1.5393559579143563,0.0010334800468391587,0.0,0.0010334800468391587,2.8262680172538265e-15,2.488804897940195e-16,2.8152885122402225e-15,2.4426174074121886e-14,True,6,`gtol` termination condition is satisfied.,physical_ode_state,log_n_log_q_s_internal__physical_state_output,fixed_T_augmented_unknown_log_w,norm(v_real)^2 + norm(v_imag)^2 = 1,"dot(v_real, previous_v_imag) - dot(v_imag, previous_v_real) = 0",python_characteristic_augmented_hopf_least_squares_predictor_corrector,equilibrium rows use log-state/log-w residual; Hopf row uses physical ODE Jacobian characteristic-polynomial condition a1*a2-a3=0,episodes/006-figure3-hopf-bifurcation/scripts/generate_python_hopf_loci.py
python,lower_hopf,wb,12,202.0,30000.0,1.0,10000000000.0,10000.0,-4.9665085159333735,0.006967432294865608,0.006968927916700771,8.886165560758581,-16.15162874190743,7231.238211745856,9.670229109960103e-08,1.5366966751870368,0.0011133641832078345,0.0,0.0011133641832078345,3.837033552970533e-15,8.167173609083415e-17,3.836164257972484e-15,9.725557031227796e-14,True,6,`gtol` termination condition is satisfied.,physical_ode_state,log_n_log_q_s_internal__physical_state_output,fixed_T_augmented_unknown_log_w,norm(v_real)^2 + norm(v_imag)^2 = 1,"dot(v_real, previous_v_imag) - dot(v_imag, previous_v_real) = 0",python_characteristic_augmented_hopf_least_squares_predictor_corrector,equilibrium rows use log-state/log-w residual; Hopf row uses physical ODE Jacobian characteristic-polynomial condition a1*a2-a3=0,episodes/006-figure3-hopf-bifurcation/scripts/generate_python_hopf_loci.py
python,lower_hopf,wb,13,203.0,30000.0,1.0,10000000000.0,10000.0,-4.8874402125722,0.0075407003808278675,0.007543864236764652,8.915669237532363,-16.0086863498148,7447.764785264253,1.1156188809895392e-07,1.5339992284563342,0.0011984638835962022,0.0,0.0011984638835962022,1.0698600973829725e-15,1.4745658430065382e-17,1.0697584743902556e-15,3.3750782860580377e-14,True,6,`gtol` termination condition is satisfied.,physical_ode_state,log_n_log_q_s_internal__physical_state_output,fixed_T_augmented_unknown_log_w,norm(v_real)^2 + norm(v_imag)^2 = 1,"dot(v_real, previous_v_imag) - dot(v_imag, previous_v_real) = 0",python_characteristic_augmented_hopf_least_squares_predictor_corrector,equilibrium rows use log-state/log-w residual; Hopf row uses physical ODE Jacobian characteristic-polynomial condition a1*a2-a3=0,episodes/006-figure3-hopf-bifurcation/scripts/generate_python_hopf_loci.py
python,lower_hopf,wb,14,204.0,30000.0,1.0,10000000000.0,10000.0,-4.809121432778487,0.008155021285643415,0.008160192496720443,8.945012741585062,-15.867125342688032,7669.546311624836,1.285271921818133e-07,1.5312638824874296,0.0012890464611682215,0.0,0.0012890464611682215,5.375132174795903e-16,1.4631041254669006e-17,5.373140530425996e-16,2.797762380680039e-14,True,6,`gtol` termination condition is satisfied.,physical_ode_state,log_n_log_q_s_internal__physical_state_output,fixed_T_augmented_unknown_log_w,norm(v_real)^2 + norm(v_imag)^2 = 1,"dot(v_real, previous_v_imag) - dot(v_imag, previous_v_real) = 0",python_characteristic_augmented_hopf_least_squares_predictor_corrector,equilibrium rows use log-state/log-w residual; Hopf row uses physical ODE Jacobian characteristic-polynomial condition a1*a2-a3=0,episodes/006-figure3-hopf-bifurcation/scripts/generate_python_hopf_loci.py
python,lower_hopf,wb,15,205.0,30000.0,1.0,10000000000.0,10000.0,-4.731545157569255,0.00881284328241743,0.008820345388820013,8.974204991784257,-15.726925644894308,7896.737605107294,1.4787098816922773e-07,1.5284908947947893,0.0013853874851993584,0.0,0.0013853874851993584,3.3761096917008054e-15,1.5758680784463437e-17,3.3760729130716417e-15,9.547918063666564e-14,True,6,`gtol` termination condition is satisfied.,physical_ode_state,log_n_log_q_s_internal__physical_state_output,fixed_T_augmented_unknown_log_w,norm(v_real)^2 + norm(v_imag)^2 = 1,"dot(v_real, previous_v_imag) - dot(v_imag, previous_v_real) = 0",python_characteristic_augmented_hopf_least_squares_predictor_corrector,equilibrium rows use log-state/log-w residual; Hopf row uses physical ODE Jacobian characteristic-polynomial condition a1*a2-a3=0,episodes/006-figure3-hopf-bifurcation/scripts/generate_python_hopf_loci.py
python,lower_hopf,wb,16,206.0,30000.0,1.0,10000000000.0,10000.0,-4.654704823177963,0.009516721943150884,0.0095268522017216,9.003255362216803,-15.588067512884786,8129.505383203797,1.6989801139733518e-07,1.5256805159272278,0.0014877705437639735,0.0,0.0014877705437639735,2.37649168515806e-15,9.427846556212653e-18,2.3764729843477513e-15,5.995204361728882e-14,True,6,`gtol` termination condition is satisfied.,physical_ode_state,log_n_log_q_s_internal__physical_state_output,fixed_T_augmented_unknown_log_w,norm(v_real)^2 + norm(v_imag)^2 = 1,"dot(v_real, previous_v_imag) - dot(v_imag, previous_v_real) = 0",python_characteristic_augmented_hopf_least_squares_predictor_corrector,equilibrium rows use log-state/log-w residual; Hopf row uses physical ODE Jacobian characteristic-polynomial condition a1*a2-a3=0,episodes/006-figure3-hopf-bifurcation/scripts/generate_python_hopf_loci.py
python,lower_hopf,wb,17,207.0,30000.0,1.0,10000000000.0,10000.0,-4.578594349079393,0.010269321236663942,0.0102823388524801,9.032173722843796,-15.450531529939232,8368.029593811449,1.949482828058057e-07,1.5228329897465884,0.001596486932274356,0.0,0.001596486932274356,1.244499365011592e-15,3.4635763195248656e-18,1.2444945452485257e-15,1.1546319874110682e-14,True,6,`gtol` termination condition is satisfied.,physical_ode_state,log_n_log_q_s_internal__physical_state_output,fixed_T_augmented_unknown_log_w,norm(v_real)^2 + norm(v_imag)^2 = 1,"dot(v_real, previous_v_imag) - dot(v_imag, previous_v_real) = 0",python_characteristic_augmented_hopf_least_squares_predictor_corrector,equilibrium rows use log-state/log-w residual; Hopf row uses physical ODE Jacobian characteristic-polynomial condition a1*a2-a3=0,episodes/006-figure3-hopf-bifurcation/scripts/generate_python_hopf_loci.py
python,lower_hopf,wb,18,208.0,30000.0,1.0,10000000000.0,10000.0,-4.503208167440596,0.011073414124939375,0.011089527549668035,9.060970483795563,-15.31429860048092,8612.504895980694,2.2340074835336292e-07,1.5199485537001007,0.0017118352581195252,0.0,0.0017118352581195252,1.3766232640557935e-15,6.605331322031015e-18,1.37660741707204e-15,5.506706203858886e-14,True,6,`gtol` termination condition is satisfied.,physical_ode_state,log_n_log_q_s_internal__physical_state_output,fixed_T_augmented_unknown_log_w,norm(v_real)^2 + norm(v_imag)^2 = 1,"dot(v_real, previous_v_imag) - dot(v_imag, previous_v_real) = 0",python_characteristic_augmented_hopf_least_squares_predictor_corrector,equilibrium rows use log-state/log-w residual; Hopf row uses physical ODE Jacobian characteristic-polynomial condition a1*a2-a3=0,episodes/006-figure3-hopf-bifurcation/scripts/generate_python_hopf_loci.py
python,lower_hopf,wb,19,209.0,30000.0,1.0,10000000000.0,10000.0,-4.4285412541398985,0.011931882568097808,0.011951236059647274,9.089656643281563,-15.179349944048028,8863.142310284573,2.556772464231663e-07,1.5170274390864924,0.0018341209506546013,0.0,0.0018341209506546013,2.3877646117905533e-15,1.5048276804239964e-17,2.387717192358533e-15,1.3322676295629333e-13,True,6,`gtol` termination condition is satisfied.,physical_ode_state,log_n_log_q_s_internal__physical_state_output,fixed_T_augmented_unknown_log_w,norm(v_real)^2 + norm(v_imag)^2 = 1,"dot(v_real, previous_v_imag) - dot(v_imag, previous_v_real) = 0",python_characteristic_augmented_hopf_least_squares_predictor_corrector,equilibrium rows use log-state/log-w residual; Hopf row uses physical ODE Jacobian characteristic-polynomial condition a1*a2-a3=0,episodes/006-figure3-hopf-bifurcation/scripts/generate_python_hopf_loci.py
python,lower_hopf,wb,20,210.0,30000.0,1.0,10000000000.0,10000.0,-4.354589161456799,0.012847716837323758,0.012870376547913,9.118243839077907,-15.045667088992728,9120.171056411078,2.9224682840374976e-07,1.5140698713159684,0.0019636556647508316,0.0,0.0019636556647508316,1.8241836618447895e-16,1.2780837862019394e-18,1.824138887893411e-16,7.993605782488957e-15,True,6,`gtol` termination condition is satisfied.,physical_ode_state,log_n_log_q_s_internal__physical_state_output,fixed_T_augmented_unknown_log_w,norm(v_real)^2 + norm(v_imag)^2 = 1,"dot(v_real, previous_v_imag) - dot(v_imag, previous_v_real) = 0",python_characteristic_augmented_hopf_least_squares_predictor_corrector,equilibrium rows use log-state/log-w residual; Hopf row uses physical ODE Jacobian characteristic-polynomial condition a1*a2-a3=0,episodes/006-figure3-hopf-bifurcation/scripts/generate_python_hopf_loci.py
python,lower_hopf,wb,21,211.0,30000.0,1.0,10000000000.0,10000.0,-4.2813480524989425,0.013824014023369857,0.013849953967507211,9.146744403534797,-14.91323186596575,9383.840597236613,3.3363045923593915e-07,1.5110760701641508,0.0021007565650430398,0.0,0.0021007565650430398,1.1919208950948606e-15,8.534751408075775e-18,1.1918903381528588e-15,7.815970093366859e-14,True,6,`gtol` termination condition is satisfied.,physical_ode_state,log_n_log_q_s_internal__physical_state_output,fixed_T_augmented_unknown_log_w,norm(v_real)^2 + norm(v_imag)^2 = 1,"dot(v_real, previous_v_imag) - dot(v_imag, previous_v_real) = 0",python_characteristic_augmented_hopf_least_squares_predictor_corrector,equilibrium rows use log-state/log-w residual; Hopf row uses physical ODE Jacobian characteristic-polynomial condition a1*a2-a3=0,episodes/006-figure3-hopf-bifurcation/scripts/generate_python_hopf_loci.py
python,lower_hopf,wb,22,212.0,30000.0,1.0,10000000000.0,10000.0,-4.208814737393864,0.01486397561587758,0.014893063966740118,9.175171422014685,-14.782026401233674,9654.422910400555,3.804061264071202e-07,1.5080462500200735,0.002245745476929135,0.0,0.002245745476929135,3.089673208694497e-15,1.472205634998709e-17,3.0896381337595795e-15,1.42108547152022e-13,True,6,`gtol` termination condition is satisfied.,physical_ode_state,log_n_log_q_s_internal__physical_state_output,fixed_T_augmented_unknown_log_w,norm(v_real)^2 + norm(v_imag)^2 = 1,"dot(v_real, previous_v_imag) - dot(v_imag, previous_v_real) = 0",python_characteristic_augmented_hopf_least_squares_predictor_corrector,equilibrium rows use log-state/log-w residual; Hopf row uses physical ODE Jacobian characteristic-polynomial condition a1*a2-a3=0,episodes/006-figure3-hopf-bifurcation/scripts/generate_python_hopf_loci.py
python,lower_hopf,wb,23,213.0,30000.0,1.0,10000000000.0,10000.0,-4.136986711229485,0.015970904015831823,0.016002890288901468,9.203538794630653,-14.652033109866831,9932.215010289043,4.332143876568485e-07,1.5049806201282907,0.0023989478893096097,0.0,0.0023989478893096097,3.335501926796e-16,3.2662487387983008e-18,3.3353420012912406e-16,3.019806626980597e-14,True,6,`gtol` termination condition is satisfied.,physical_ode_state,log_n_log_q_s_internal__physical_state_output,fixed_T_augmented_unknown_log_w,norm(v_real)^2 + norm(v_imag)^2 = 1,"dot(v_real, previous_v_imag) - dot(v_imag, previous_v_real) = 0",python_characteristic_augmented_hopf_least_squares_predictor_corrector,equilibrium rows use log-state/log-w residual; Hopf row uses physical ODE Jacobian characteristic-polynomial condition a1*a2-a3=0,episodes/006-figure3-hopf-bifurcation/scripts/generate_python_hopf_loci.py
python,lower_hopf,wb,24,214.0,30000.0,1.0,10000000000.0,10000.0,-4.065862193678466,0.017148197830208177,0.017182701637279592,9.23186130110107,-14.523234688827891,10217.541745343276,4.927643895378252e-07,1.5018793848251182,0.002560691793042806,0.0,0.002560691793042806,4.0590916402289455e-15,1.991067233572773e-17,4.059042806980933e-15,2.0339285811132939e-13,True,6,`gtol` termination condition is satisfied.,physical_ode_state,log_n_log_q_s_internal__physical_state_output,fixed_T_augmented_unknown_log_w,norm(v_real)^2 + norm(v_imag)^2 = 1,"dot(v_real, previous_v_imag) - dot(v_imag, previous_v_real) = 0",python_characteristic_augmented_hopf_least_squares_predictor_corrector,equilibrium rows use log-state/log-w residual; Hopf row uses physical ODE Jacobian characteristic-polynomial condition a1*a2-a3=0,episodes/006-figure3-hopf-bifurcation/scripts/generate_python_hopf_loci.py
python,lower_hopf,wb,25,215.0,30000.0,1.0,10000000000.0,10000.0,-3.995440169753198,0.01839934579252795,0.018435847979654474,9.260154668444555,-14.39561411001068,10510.7588974657,5.598403909455638e-07,1.4987427437689012,0.002731306338141459,0.0,0.002731306338141459,1.785174527074767e-13,1.4503636564536183e-14,1.779273038281928e-13,1.464962196742517e-11,True,5,`gtol` termination condition is satisfied.,physical_ode_state,log_n_log_q_s_internal__physical_state_output,fixed_T_augmented_unknown_log_w,norm(v_real)^2 + norm(v_imag)^2 = 1,"dot(v_real, previous_v_imag) - dot(v_imag, previous_v_real) = 0",python_characteristic_augmented_hopf_least_squares_predictor_corrector,equilibrium rows use log-state/log-w residual; Hopf row uses physical ODE Jacobian characteristic-polynomial condition a1*a2-a3=0,episodes/006-figure3-hopf-bifurcation/scripts/generate_python_hopf_loci.py
python,lower_hopf,wb,26,216.0,30000.0,1.0,10000000000.0,10000.0,-3.9257204342540883,0.019727919081947907,0.019765756267513142,9.288435641349093,-14.269154613083252,10812.256614542408,6.353088279300881e-07,1.4955708921647164,0.0029111202922217343,0.0,0.0029111202922217343,1.5007407194526887e-13,1.0193720113952011e-14,1.4972746955876917e-13,1.1329608458922107e-11,True,5,`gtol` termination condition is satisfied.,physical_ode_state,log_n_log_q_s_internal__physical_state_output,fixed_T_augmented_unknown_log_w,norm(v_real)^2 + norm(v_imag)^2 = 1,"dot(v_real, previous_v_imag) - dot(v_imag, previous_v_real) = 0",python_characteristic_augmented_hopf_least_squares_predictor_corrector,equilibrium rows use log-state/log-w residual; Hopf row uses physical ODE Jacobian characteristic-polynomial condition a1*a2-a3=0,episodes/006-figure3-hopf-bifurcation/scripts/generate_python_hopf_loci.py
python,lower_hopf,wb,27,217.0,30000.0,1.0,10000000000.0,10000.0,-3.8567036323830606,0.02113756198315429,0.02117592554652898,9.316722054355617,-14.143839698584838,11122.463203220732,7.201259579894247e-07,1.4923640209819982,0.0031004602814084796,0.0,0.0031004602814084796,1.1674596609774758e-13,7.073870585834023e-15,1.1653145907878825e-13,9.615422134793138e-12,True,5,`gtol` termination condition is satisfied.,physical_ode_state,log_n_log_q_s_internal__physical_state_output,fixed_T_augmented_unknown_log_w,norm(v_real)^2 + norm(v_imag)^2 = 1,"dot(v_real, previous_v_imag) - dot(v_imag, previous_v_real) = 0",python_characteristic_augmented_hopf_least_squares_predictor_corrector,equilibrium rows use log-state/log-w residual; Hopf row uses physical ODE Jacobian characteristic-polynomial condition a1*a2-a3=0,episodes/006-figure3-hopf-bifurcation/scripts/generate_python_hopf_loci.py
python,lower_hopf,wb,28,218.0,30000.0,1.0,10000000000.0,10000.0,-3.788391306502436,0.0226319805020976,0.022669921436405522,9.345032905940432,-14.019653120664909,11441.84932257515,8.153461249557752e-07,1.4891223171667376,0.0032996487960151896,0.0,0.0032996487960151896,1.0158400920657928e-13,5.086302515807385e-15,1.0145659393652083e-13,7.522872905550569e-12,True,5,`gtol` termination condition is satisfied.,physical_ode_state,log_n_log_q_s_internal__physical_state_output,fixed_T_augmented_unknown_log_w,norm(v_real)^2 + norm(v_imag)^2 = 1,"dot(v_real, previous_v_imag) - dot(v_imag, previous_v_real) = 0",python_characteristic_augmented_hopf_least_squares_predictor_corrector,equilibrium rows use log-state/log-w residual; Hopf row uses physical ODE Jacobian characteristic-polynomial condition a1*a2-a3=0,episodes/006-figure3-hopf-bifurcation/scripts/generate_python_hopf_loci.py
python,lower_hopf,wb,29,219.0,30000.0,1.0,10000000000.0,10000.0,-3.720785940369386,0.024214928874778732,0.024251369959962226,9.373388433338006,-13.896578879967954,11770.932610341262,9.221306874761304e-07,1.4858459638463657,0.0035090019420841168,0.0,0.0035090019420841168,7.74596335531617e-14,3.6434852655429245e-15,7.737389640770242e-14,6.3149495923370194e-12,True,5,`gtol` termination condition is satisfied.,physical_ode_state,log_n_log_q_s_internal__physical_state_output,fixed_T_augmented_unknown_log_w,norm(v_real)^2 + norm(v_imag)^2 = 1,"dot(v_real, previous_v_imag) - dot(v_imag, previous_v_real) = 0",python_characteristic_augmented_hopf_least_squares_predictor_corrector,equilibrium rows use log-state/log-w residual; Hopf row uses physical ODE Jacobian characteristic-polynomial condition a1*a2-a3=0,episodes/006-figure3-hopf-bifurcation/scripts/generate_python_hopf_loci.py
python,lower_hopf,wb,30,220.0,30000.0,1.0,10000000000.0,10000.0,-3.6538910037993526,0.02589019369467122,0.02592395070340052,9.401810187508415,-13.774601216455538,12110.282783442688,1.0417576570868124e-06,1.4825351405275042,0.003728826921456144,0.0,0.003728826921456144,5.652088220520638e-14,2.7431712899558397e-15,5.645427474096871e-14,5.600853767303406e-12,True,5,`gtol` termination condition is satisfied.,physical_ode_state,log_n_log_q_s_internal__physical_state_output,fixed_T_augmented_unknown_log_w,norm(v_real)^2 + norm(v_imag)^2 = 1,"dot(v_real, previous_v_imag) - dot(v_imag, previous_v_real) = 0",python_characteristic_augmented_hopf_least_squares_predictor_corrector,equilibrium rows use log-state/log-w residual; Hopf row uses physical ODE Jacobian characteristic-polynomial condition a1*a2-a3=0,episodes/006-figure3-hopf-bifurcation/scripts/generate_python_hopf_loci.py
python,lower_hopf,wb,31,221.0,30000.0,1.0,10000000000.0,10000.0,-3.587710996583492,0.02766157545230726,0.02769138929197307,9.430321107249437,-13.653704602197829,12460.527254908884,1.175632094557703e-06,1.4791900232858888,0.003959419224089215,0.0,0.003959419224089215,2.1180355731121307e-14,2.0011661924427623e-15,2.1085606530689776e-14,4.472866954864852e-12,True,5,`gtol` termination condition is satisfied.,physical_ode_state,log_n_log_q_s_internal__physical_state_output,fixed_T_augmented_unknown_log_w,norm(v_real)^2 + norm(v_imag)^2 = 1,"dot(v_real, previous_v_imag) - dot(v_imag, previous_v_real) = 0",python_characteristic_augmented_hopf_least_squares_predictor_corrector,equilibrium rows use log-state/log-w residual; Hopf row uses physical ODE Jacobian characteristic-polynomial condition a1*a2-a3=0,episodes/006-figure3-hopf-bifurcation/scripts/generate_python_hopf_loci.py
python,lower_hopf,wb,32,222.0,30000.0,1.0,10000000000.0,10000.0,-3.522251490796301,0.029532867278651308,0.029557449167853467,9.458945591302882,-13.533873734136414,12822.35731251987,1.3252973161686524e-06,1.4758107849477295,0.004201059518530129,0.0,0.004201059518530129,2.0740504470206708e-14,1.4654634158025876e-15,2.068866701011954e-14,3.698375218725414e-12,True,5,`gtol` termination condition is satisfied.,physical_ode_state,log_n_log_q_s_internal__physical_state_output,fixed_T_augmented_unknown_log_w,norm(v_real)^2 + norm(v_imag)^2 = 1,"dot(v_real, previous_v_imag) - dot(v_imag, previous_v_real) = 0",python_characteristic_augmented_hopf_least_squares_predictor_corrector,equilibrium rows use log-state/log-w residual; Hopf row uses physical ODE Jacobian characteristic-polynomial condition a1*a2-a3=0,episodes/006-figure3-hopf-bifurcation/scripts/generate_python_hopf_loci.py
python,lower_hopf,wb,33,223.0,30000.0,1.0,10000000000.0,10000.0,-3.457519170673325,0.031507830691200264,0.03152592265981132,9.487709567116195,-13.41509352681219,13196.534907635973,1.4924469647570041e-06,1.472397595261656,0.004454010229562297,0.0,0.004454010229562297,1.1821739881620509e-14,1.104093222389106e-15,1.1770068478346731e-14,3.2933657558636258e-12,True,5,`gtol` termination condition is satisfied.,physical_ode_state,log_n_log_q_s_internal__physical_state_output,fixed_T_augmented_unknown_log_w,norm(v_real)^2 + norm(v_imag)^2 = 1,"dot(v_real, previous_v_imag) - dot(v_imag, previous_v_real) = 0",python_characteristic_augmented_hopf_least_squares_predictor_corrector,equilibrium rows use log-state/log-w residual; Hopf row uses physical ODE Jacobian characteristic-polynomial condition a1*a2-a3=0,episodes/006-figure3-hopf-bifurcation/scripts/generate_python_hopf_loci.py
python,lower_hopf,wb,34,224.0,30000.0,1.0,10000000000.0,10000.0,-3.3935218689706566,0.03359016816496965,0.033600621337380746,9.516640554715606,-13.297349105047473,13583.90010586556,1.6789380037697433e-06,1.4689506210602459,0.004718511796294678,0.0,0.004718511796294678,1.4210196536201751e-14,8.498539687352873e-16,1.4184760619386748e-14,3.2152059829202952e-12,True,5,`gtol` termination condition is satisfied.,physical_ode_state,log_n_log_q_s_internal__physical_state_output,fixed_T_augmented_unknown_log_w,norm(v_real)^2 + norm(v_imag)^2 = 1,"dot(v_real, previous_v_imag) - dot(v_imag, previous_v_real) = 0",python_characteristic_augmented_hopf_least_squares_predictor_corrector,equilibrium rows use log-state/log-w residual; Hopf row uses physical ODE Jacobian characteristic-polynomial condition a1*a2-a3=0,episodes/006-figure3-hopf-bifurcation/scripts/generate_python_hopf_loci.py
python,lower_hopf,wb,35,225.0,30000.0,1.0,10000000000.0,10000.0,-3.3302685986360654,0.03578349237948884,0.035785365645539614,9.545767723921099,-13.18062579657778,13985.379254358606,1.886804696172787e-06,1.4654700264099794,0.004994778609482521,0.0,0.004994778609482521,9.791531339698062e-15,6.478934867424932e-16,9.77007267148643e-15,1.8012259470695251e-12,True,5,`gtol` termination condition is satisfied.,physical_ode_state,log_n_log_q_s_internal__physical_state_output,fixed_T_augmented_unknown_log_w,norm(v_real)^2 + norm(v_imag)^2 = 1,"dot(v_real, previous_v_imag) - dot(v_imag, previous_v_real) = 0",python_characteristic_augmented_hopf_least_squares_predictor_corrector,equilibrium rows use log-state/log-w residual; Hopf row uses physical ODE Jacobian characteristic-polynomial condition a1*a2-a3=0,episodes/006-figure3-hopf-bifurcation/scripts/generate_python_hopf_loci.py
python,lower_hopf,wb,36,226.0,30000.0,1.0,10000000000.0,10000.0,-3.2677695784499394,0.03809129203630062,0.03808397381949414,9.575121942921164,-13.064909124616243,14401.99392397538,2.118273633980036e-06,1.4619559727483349,0.0052829946338923935,0.0,0.0052829946338923935,9.522934731898315e-15,5.05901140848581e-16,9.509487364925795e-15,2.774669422574415e-12,True,5,`gtol` termination condition is satisfied.,physical_ode_state,log_n_log_q_s_internal__physical_state_output,fixed_T_augmented_unknown_log_w,norm(v_real)^2 + norm(v_imag)^2 = 1,"dot(v_real, previous_v_imag) - dot(v_imag, previous_v_real) = 0",python_characteristic_augmented_hopf_least_squares_predictor_corrector,equilibrium rows use log-state/log-w residual; Hopf row uses physical ODE Jacobian characteristic-polynomial condition a1*a2-a3=0,episodes/006-figure3-hopf-bifurcation/scripts/generate_python_hopf_loci.py
python,lower_hopf,wb,37,227.0,30000.0,1.0,10000000000.0,10000.0,-3.206036251141149,0.04051689419865343,0.04050025008299265,9.604735815994413,-12.950184800341528,14834.870687866489,2.375779888342853e-06,1.4584086190065968,0.0055833087301271,0.0,0.0055833087301271,2.0757651589863633e-15,4.062712313979357e-16,2.035618992296959e-15,2.660982570390071e-12,True,5,`gtol` termination condition is satisfied.,physical_ode_state,log_n_log_q_s_internal__physical_state_output,fixed_T_augmented_unknown_log_w,norm(v_real)^2 + norm(v_imag)^2 = 1,"dot(v_real, previous_v_imag) - dot(v_imag, previous_v_real) = 0",python_characteristic_augmented_hopf_least_squares_predictor_corrector,equilibrium rows use log-state/log-w residual; Hopf row uses physical ODE Jacobian characteristic-polynomial condition a1*a2-a3=0,episodes/006-figure3-hopf-bifurcation/scripts/generate_python_hopf_loci.py
python,lower_hopf,wb,38,228.0,30000.0,1.0,10000000000.0,10000.0,-3.1450812923466382,0.04306342317781152,0.04303797213762855,9.634643707964422,-12.83643871528739,15285.251801653598,2.66198435468393e-06,1.4548281217168368,0.00589582970068603,0.0,0.00589582970068603,4.4039110951061972e-16,3.3300421985984216e-16,2.8818833927057593e-16,2.5295321558113643e-12,True,5,`gtol` termination condition is satisfied.,physical_ode_state,log_n_log_q_s_internal__physical_state_output,fixed_T_augmented_unknown_log_w,norm(v_real)^2 + norm(v_imag)^2 = 1,"dot(v_real, previous_v_imag) - dot(v_imag, previous_v_real) = 0",python_characteristic_augmented_hopf_least_squares_predictor_corrector,equilibrium rows use log-state/log-w residual; Hopf row uses physical ODE Jacobian characteristic-polynomial condition a1*a2-a3=0,episodes/006-figure3-hopf-bifurcation/scripts/generate_python_hopf_loci.py
python,lower_hopf,wb,39,229.0,30000.0,1.0,10000000000.0,10000.0,-3.0849186086442475,0.045733756081150614,0.04570087795487968,9.664881752772917,-12.723656933621161,15754.506853870324,2.9797923722343225e-06,1.4512146351014248,0.006220621097154813,0.0,0.006220621097154813,4.3950123380539013e-16,9.331330359410462e-17,4.2948103786874533e-16,1.4175327580567031e-12,True,11,`gtol` termination condition is satisfied.,physical_ode_state,log_n_log_q_s_internal__physical_state_output,fixed_T_augmented_unknown_log_w,norm(v_real)^2 + norm(v_imag)^2 = 1,"dot(v_real, previous_v_imag) - dot(v_imag, previous_v_real) = 0",python_characteristic_augmented_hopf_least_squares_predictor_corrector,equilibrium rows use log-state/log-w residual; Hopf row uses physical ODE Jacobian characteristic-polynomial condition a1*a2-a3=0,episodes/006-figure3-hopf-bifurcation/scripts/generate_python_hopf_loci.py
python,lower_hopf,wb,40,230.0,30000.0,1.0,10000000000.0,10000.0,-3.025563322768334,0.0485304752467498,0.048492651887080344,9.695487843409406,-12.611825684286517,16244.145459225934,3.3323737026662407e-06,1.44756831114338,0.006557695839340071,0.0,0.006557695839340071,8.384739733957494e-15,2.380587087517487e-16,8.381359582871567e-15,3.865352482540909e-12,True,3,`gtol` termination condition is satisfied.,physical_ode_state,log_n_log_q_s_internal__physical_state_output,fixed_T_augmented_unknown_log_w,norm(v_real)^2 + norm(v_imag)^2 = 1,"dot(v_real, previous_v_imag) - dot(v_imag, previous_v_real) = 0",python_characteristic_augmented_hopf_least_squares_predictor_corrector,equilibrium rows use log-state/log-w residual; Hopf row uses physical ODE Jacobian characteristic-polynomial condition a1*a2-a3=0,episodes/006-figure3-hopf-bifurcation/scripts/generate_python_hopf_loci.py
python,lower_hopf,wb,41,231.0,30000.0,1.0,10000000000.0,10000.0,-2.9670317441990055,0.05145581790919968,0.05141691011820563,9.72650160032955,-12.50093135298216,16755.83107126009,3.7231839583154417e-06,1.4438892996358763,0.006907010712751833,0.0,0.006907010712751833,1.709735988760468e-13,1.0211772197587226e-14,1.7066836619951552e-13,1.1944933953235971e-10,True,10,`gtol` termination condition is satisfied.,physical_ode_state,log_n_log_q_s_internal__physical_state_output,fixed_T_augmented_unknown_log_w,norm(v_real)^2 + norm(v_imag)^2 = 1,"dot(v_real, previous_v_imag) - dot(v_imag, previous_v_real) = 0",python_characteristic_augmented_hopf_least_squares_predictor_corrector,equilibrium rows use log-state/log-w residual; Hopf row uses physical ODE Jacobian characteristic-polynomial condition a1*a2-a3=0,episodes/006-figure3-hopf-bifurcation/scripts/generate_python_hopf_loci.py
python,lower_hopf,wb,42,232.0,30000.0,1.0,10000000000.0,10000.0,-2.9093413224025757,0.05451162363196903,0.054477185480139086,9.757964315415439,-12.39096047398397,17291.395994555063,4.155987576667819e-06,1.4401777482090947,0.007268460827618388,0.0,0.007268460827618388,3.926745887337853e-15,8.152935684976149e-17,3.925899416400834e-15,5.613287661761252e-13,True,5,`gtol` termination condition is satisfied.,physical_ode_state,log_n_log_q_s_internal__physical_state_output,fixed_T_augmented_unknown_log_w,norm(v_real)^2 + norm(v_imag)^2 = 1,"dot(v_real, previous_v_imag) - dot(v_imag, previous_v_real) = 0",python_characteristic_augmented_hopf_least_squares_predictor_corrector,equilibrium rows use log-state/log-w residual; Hopf row uses physical ODE Jacobian characteristic-polynomial condition a1*a2-a3=0,episodes/006-figure3-hopf-bifurcation/scripts/generate_python_hopf_loci.py
python,lower_hopf,wb,43,233.0,30000.0,1.0,10000000000.0,10000.0,-2.852510582846146,0.05769928005977726,0.057676911665075485,9.789918868697244,-12.28189972169203,17852.85768331184,4.634882445165027e-06,1.436433802333296,0.007641874141275234,0.0,0.007641874141275234,1.5937768481977761e-16,8.855915933198695e-17,1.3250857223939935e-16,1.1652900881757785e-12,True,5,`gtol` termination condition is satisfied.,physical_ode_state,log_n_log_q_s_internal__physical_state_output,fixed_T_augmented_unknown_log_w,norm(v_real)^2 + norm(v_imag)^2 = 1,"dot(v_real, previous_v_imag) - dot(v_imag, previous_v_real) = 0",python_characteristic_augmented_hopf_least_squares_predictor_corrector,equilibrium rows use log-state/log-w residual; Hopf row uses physical ODE Jacobian characteristic-polynomial condition a1*a2-a3=0,episodes/006-figure3-hopf-bifurcation/scripts/generate_python_hopf_loci.py
python,lower_hopf,wb,44,234.0,30000.0,1.0,10000000000.0,10000.0,-2.796559040503751,0.06101966800266859,0.06101940686978718,9.822409614978302,-12.173735902010684,18442.436414424094,5.164326287160707e-06,1.4326576052960893,0.008027006162907855,0.0,0.008027006162907855,4.4036348715004324e-15,6.322757865648491e-17,4.4031809359588964e-15,6.963318828906347e-13,True,5,`gtol` termination condition is satisfied.,physical_ode_state,log_n_log_q_s_internal__physical_state_output,fixed_T_augmented_unknown_log_w,norm(v_real)^2 + norm(v_imag)^2 = 1,"dot(v_real, previous_v_imag) - dot(v_imag, previous_v_real) = 0",python_characteristic_augmented_hopf_least_squares_predictor_corrector,equilibrium rows use log-state/log-w residual; Hopf row uses physical ODE Jacobian characteristic-polynomial condition a1*a2-a3=0,episodes/006-figure3-hopf-bifurcation/scripts/generate_python_hopf_loci.py
python,lower_hopf,wb,45,235.0,30000.0,1.0,10000000000.0,10000.0,-2.7415070925785323,0.06447310669596767,0.06450785691263297,9.8554822380528,-12.066455943389926,19062.574433546895,5.749164929293665e-06,1.4288492981535295,0.008423534979312981,0.0,0.008423534979312981,4.988004691826022e-16,6.166635183293467e-17,4.949739075026085e-16,8.029132926590215e-13,True,5,`gtol` termination condition is satisfied.,physical_ode_state,log_n_log_q_s_internal__physical_state_output,fixed_T_augmented_unknown_log_w,norm(v_real)^2 + norm(v_imag)^2 = 1,"dot(v_real, previous_v_imag) - dot(v_imag, previous_v_real) = 0",python_characteristic_augmented_hopf_least_squares_predictor_corrector,equilibrium rows use log-state/log-w residual; Hopf row uses physical ODE Jacobian characteristic-polynomial condition a1*a2-a3=0,episodes/006-figure3-hopf-bifurcation/scripts/generate_python_hopf_loci.py
python,lower_hopf,wb,46,236.0,30000.0,1.0,10000000000.0,10000.0,-2.6873758869754316,0.06805930054647852,0.0681452978694417,9.889183570409664,-11.960046887568712,19715.956675801535,6.3946625790596394e-06,1.4250090196540084,0.008831056755849307,0.0,0.008831056755849307,1.8053095378109128e-15,4.58356252871535e-17,1.804727575775798e-15,5.186961984535742e-13,True,5,`gtol` termination condition is satisfied.,physical_ode_state,log_n_log_q_s_internal__physical_state_output,fixed_T_augmented_unknown_log_w,norm(v_real)^2 + norm(v_imag)^2 = 1,"dot(v_real, previous_v_imag) - dot(v_imag, previous_v_real) = 0",python_characteristic_augmented_hopf_least_squares_predictor_corrector,equilibrium rows use log-state/log-w residual; Hopf row uses physical ODE Jacobian characteristic-polynomial condition a1*a2-a3=0,episodes/006-figure3-hopf-bifurcation/scripts/generate_python_hopf_loci.py
python,lower_hopf,wb,47,237.0,30000.0,1.0,10000000000.0,10000.0,-2.6341871661715146,0.0717772887118105,0.07193459827962047,9.923561376996936,-11.854495879949852,20405.533172414842,7.106534252115558e-06,1.4211369061349517,0.009249081881656343,0.0,0.009249081881656343,3.816574054058796e-15,4.3176821857043294e-17,3.81632981700601e-15,5.542233349021684e-13,True,5,`gtol` termination condition is satisfied.,physical_ode_state,log_n_log_q_s_internal__physical_state_output,fixed_T_augmented_unknown_log_w,norm(v_real)^2 + norm(v_imag)^2 = 1,"dot(v_real, previous_v_imag) - dot(v_imag, previous_v_real) = 0",python_characteristic_augmented_hopf_least_squares_predictor_corrector,equilibrium rows use log-state/log-w residual; Hopf row uses physical ODE Jacobian characteristic-polynomial condition a1*a2-a3=0,episodes/006-figure3-hopf-bifurcation/scripts/generate_python_hopf_loci.py
python,lower_hopf,wb,48,238.0,30000.0,1.0,10000000000.0,10000.0,-2.5819630858363745,0.07562539905865638,0.07587844097911052,9.958664102334948,-11.7497901595617,21134.543263510524,7.890980500287364e-06,1.4172330913928288,0.009677031938511306,0.0,0.009677031938511306,3.2834463372395495e-16,3.19599157789004e-17,3.267854988807241e-16,2.9132252305846196e-13,True,5,`gtol` termination condition is satisfied.,physical_ode_state,log_n_log_q_s_internal__physical_state_output,fixed_T_augmented_unknown_log_w,norm(v_real)^2 + norm(v_imag)^2 = 1,"dot(v_real, previous_v_imag) - dot(v_imag, previous_v_real) = 0",python_characteristic_augmented_hopf_least_squares_predictor_corrector,equilibrium rows use log-state/log-w residual; Hopf row uses physical ODE Jacobian characteristic-polynomial condition a1*a2-a3=0,episodes/006-figure3-hopf-bifurcation/scripts/generate_python_hopf_loci.py
python,lower_hopf,wb,49,239.0,30000.0,1.0,10000000000.0,10000.0,-2.5307260082531613,0.07960120816830832,0.07997930462198864,9.994540581184506,-11.645917048552807,21906.541748668402,8.754724604194315e-06,1.4132977065277443,0.010114237677916605,0.0,0.010114237677916605,3.665221263511212e-15,5.3331144905433215e-17,3.6648332430654735e-15,1.0018652577491761e-12,True,5,`gtol` termination condition is satisfied.,physical_ode_state,log_n_log_q_s_internal__physical_state_output,fixed_T_augmented_unknown_log_w,norm(v_real)^2 + norm(v_imag)^2 = 1,"dot(v_real, previous_v_imag) - dot(v_imag, previous_v_real) = 0",python_characteristic_augmented_hopf_least_squares_predictor_corrector,equilibrium rows use log-state/log-w residual; Hopf row uses physical ODE Jacobian characteristic-polynomial condition a1*a2-a3=0,episodes/006-figure3-hopf-bifurcation/scripts/generate_python_hopf_loci.py
python,lower_hopf,wb,50,240.0,30000.0,1.0,10000000000.0,10000.0,-2.4804982713013985,0.08370150914011534,0.08423944495764461,10.031239714054212,-11.542863941159764,22725.427120582764,9.705052408922731e-06,1.4093308797647335,0.010559938189504417,0.0,0.010559938189504417,5.0337396873751116e-15,6.81451715286143e-17,5.033278402378774e-15,1.4495071811330585e-12,True,5,`gtol` termination condition is satisfied.,physical_ode_state,log_n_log_q_s_internal__physical_state_output,fixed_T_augmented_unknown_log_w,norm(v_real)^2 + norm(v_imag)^2 = 1,"dot(v_real, previous_v_imag) - dot(v_imag, previous_v_real) = 0",python_characteristic_augmented_hopf_least_squares_predictor_corrector,equilibrium rows use log-state/log-w residual; Hopf row uses physical ODE Jacobian characteristic-polynomial condition a1*a2-a3=0,episodes/006-figure3-hopf-bifurcation/scripts/generate_python_hopf_loci.py
python,upper_hopf,wa,0,190.0,30000.0,1.0,10000000000.0,10000.0,-3.147932955990406,0.04294079570880711,0.04319757152548583,11.330871229849503,-15.155836199996735,83355.61311723766,2.617604145065268e-07,1.5756128650842545,0.0015871436912142946,0.0,0.0015871436912142946,1.0635676509472304e-13,1.0256265679696418e-13,2.815426987442996e-14,9.330314354395149e-10,True,6,`gtol` termination condition is satisfied.,physical_ode_state,log_n_log_q_s_internal__physical_state_output,fixed_T_augmented_unknown_log_w,norm(v_real)^2 + norm(v_imag)^2 = 1,"dot(v_real, previous_v_imag) - dot(v_imag, previous_v_real) = 0",python_characteristic_augmented_hopf_least_squares_predictor_corrector,equilibrium rows use log-state/log-w residual; Hopf row uses physical ODE Jacobian characteristic-polynomial condition a1*a2-a3=0,episodes/006-figure3-hopf-bifurcation/scripts/generate_python_hopf_loci.py
python,upper_hopf,wa,1,191.0,30000.0,1.0,10000000000.0,10000.0,-3.0558871545575275,0.04708093417215959,0.04731945723665355,11.366188189446401,-14.99133242043166,86352.0815670995,3.085652772279435e-07,1.5733343718272068,0.0017286976573736548,0.0,0.0017286976573736548,2.928079020074592e-14,2.914972948683595e-14,2.7672993376909473e-15,2.9059066407987607e-10,True,6,`gtol` termination condition is satisfied.,physical_ode_state,log_n_log_q_s_internal__physical_state_output,fixed_T_augmented_unknown_log_w,norm(v_real)^2 + norm(v_imag)^2 = 1,"dot(v_real, previous_v_imag) - dot(v_imag, previous_v_real) = 0",python_characteristic_augmented_hopf_least_squares_predictor_corrector,equilibrium rows use log-state/log-w residual; Hopf row uses physical ODE Jacobian characteristic-polynomial condition a1*a2-a3=0,episodes/006-figure3-hopf-bifurcation/scripts/generate_python_hopf_loci.py
python,upper_hopf,wa,2,192.0,30000.0,1.0,10000000000.0,10000.0,-2.965012382439572,0.051559830804672184,0.05178367985878251,11.400952024668,-14.828788866459147,89406.80033609703,3.6302691244631713e-07,1.57101404299305,0.0018808829401660582,0.0,0.0018808829401660582,3.668775601770535e-14,7.487804133607025e-15,3.591551518315466e-14,8.828848794249139e-11,True,6,`gtol` termination condition is satisfied.,physical_ode_state,log_n_log_q_s_internal__physical_state_output,fixed_T_augmented_unknown_log_w,norm(v_real)^2 + norm(v_imag)^2 = 1,"dot(v_real, previous_v_imag) - dot(v_imag, previous_v_real) = 0",python_characteristic_augmented_hopf_least_squares_predictor_corrector,equilibrium rows use log-state/log-w residual; Hopf row uses physical ODE Jacobian characteristic-polynomial condition a1*a2-a3=0,episodes/006-figure3-hopf-bifurcation/scripts/generate_python_hopf_loci.py
python,upper_hopf,wa,3,193.0,30000.0,1.0,10000000000.0,10000.0,-2.8752857505468103,0.05640002086412994,0.05661334240591734,11.435180304041792,-14.668169050612555,92520.01736567405,4.262801615520943e-07,1.5686522889614274,0.0020443351113108377,0.0,0.0020443351113108377,1.927260146122026e-14,1.8183732539062998e-15,1.9186627785843648e-14,2.8760993642289442e-11,True,6,`gtol` termination condition is satisfied.,physical_ode_state,log_n_log_q_s_internal__physical_state_output,fixed_T_augmented_unknown_log_w,norm(v_real)^2 + norm(v_imag)^2 = 1,"dot(v_real, previous_v_imag) - dot(v_imag, previous_v_real) = 0",python_characteristic_augmented_hopf_least_squares_predictor_corrector,equilibrium rows use log-state/log-w residual; Hopf row uses physical ODE Jacobian characteristic-polynomial condition a1*a2-a3=0,episodes/006-figure3-hopf-bifurcation/scripts/generate_python_hopf_loci.py
python,upper_hopf,wa,4,194.0,30000.0,1.0,10000000000.0,10000.0,-2.7866862420207887,0.06162508655844299,0.06183258673761164,11.468889144474193,-14.509438518208558,95691.92010618174,4.996097625224026e-07,1.5662495023416838,0.0022197148656399055,0.0,0.0022197148656399055,3.926616495568086e-15,4.294386551765128e-16,3.9030628415012215e-15,1.12940767924224e-11,True,6,`gtol` termination condition is satisfied.,physical_ode_state,log_n_log_q_s_internal__physical_state_output,fixed_T_augmented_unknown_log_w,norm(v_real)^2 + norm(v_imag)^2 = 1,"dot(v_real, previous_v_imag) - dot(v_imag, previous_v_real) = 0",python_characteristic_augmented_hopf_least_squares_predictor_corrector,equilibrium rows use log-state/log-w residual; Hopf row uses physical ODE Jacobian characteristic-polynomial condition a1*a2-a3=0,episodes/006-figure3-hopf-bifurcation/scripts/generate_python_hopf_loci.py
python,upper_hopf,wa,5,195.0,30000.0,1.0,10000000000.0,10000.0,-2.6991945057010525,0.0672596682051507,0.06746659112002755,11.502093439975056,-14.35256462311492,98922.64301347177,5.84467521943734e-07,1.5638060593428704,0.00240770803607716,0.0,0.00240770803607716,6.696181821426862e-15,9.551372917840921e-17,6.6955005871963e-15,5.105249557066324e-12,True,6,`gtol` termination condition is satisfied.,physical_ode_state,log_n_log_q_s_internal__physical_state_output,fixed_T_augmented_unknown_log_w,norm(v_real)^2 + norm(v_imag)^2 = 1,"dot(v_real, previous_v_imag) - dot(v_imag, previous_v_real) = 0",python_characteristic_augmented_hopf_least_squares_predictor_corrector,equilibrium rows use log-state/log-w residual; Hopf row uses physical ODE Jacobian characteristic-polynomial condition a1*a2-a3=0,episodes/006-figure3-hopf-bifurcation/scripts/generate_python_hopf_loci.py
python,upper_hopf,wa,6,196.0,30000.0,1.0,10000000000.0,10000.0,-2.6127926831722212,0.07332947156423358,0.07354156223483022,11.53480705945069,-14.19751633642731,102212.27523296217,6.824911094443478e-07,1.5613223209808393,0.002609025505214918,0.0,0.002609025505214918,1.4296895667061023e-15,3.4157331141722675e-17,1.4292814746849402e-15,3.0482283364562617e-12,True,6,`gtol` termination condition is satisfied.,physical_ode_state,log_n_log_q_s_internal__physical_state_output,fixed_T_augmented_unknown_log_w,norm(v_real)^2 + norm(v_imag)^2 = 1,"dot(v_real, previous_v_imag) - dot(v_imag, previous_v_real) = 0",python_characteristic_augmented_hopf_least_squares_predictor_corrector,equilibrium rows use log-state/log-w residual; Hopf row uses physical ODE Jacobian characteristic-polynomial condition a1*a2-a3=0,episodes/006-figure3-hopf-bifurcation/scripts/generate_python_hopf_loci.py
python,upper_hopf,wa,7,197.0,30000.0,1.0,10000000000.0,10000.0,-2.527464232505937,0.079861273365164,0.08008472117349621,11.567043031592318,-14.044264070408612,105560.86992091159,7.955245962537869e-07,1.5587986341929718,0.002824403020502003,0.0,0.002824403020502003,3.4700183443042912e-12,3.2960178086154293e-12,1.0850317576450182e-12,3.5974835703701526e-08,True,5,`gtol` termination condition is satisfied.,physical_ode_state,log_n_log_q_s_internal__physical_state_output,fixed_T_augmented_unknown_log_w,norm(v_real)^2 + norm(v_imag)^2 = 1,"dot(v_real, previous_v_imag) - dot(v_imag, previous_v_real) = 0",python_characteristic_augmented_hopf_least_squares_predictor_corrector,equilibrium rows use log-state/log-w residual; Hopf row uses physical ODE Jacobian characteristic-polynomial condition a1*a2-a3=0,episodes/006-figure3-hopf-bifurcation/scripts/generate_python_hopf_loci.py
python,upper_hopf,wa,8,198.0,30000.0,1.0,10000000000.0,10000.0,-2.443193953233637,0.08688290788428511,0.08712428295561428,11.598813637588636,-13.892779595163745,108968.44649309493,9.256407882986814e-07,1.5562353325811307,0.003054600773680538,0.0,0.003054600773680538,1.6573614647958462e-12,1.629473194078928e-12,3.02760854088584e-13,1.836142267581759e-08,True,5,`gtol` termination condition is satisfied.,physical_ode_state,log_n_log_q_s_internal__physical_state_output,fixed_T_augmented_unknown_log_w,norm(v_real)^2 + norm(v_imag)^2 = 1,"dot(v_real, previous_v_imag) - dot(v_imag, previous_v_real) = 0",python_characteristic_augmented_hopf_least_squares_predictor_corrector,equilibrium rows use log-state/log-w residual; Hopf row uses physical ODE Jacobian characteristic-polynomial condition a1*a2-a3=0,episodes/006-figure3-hopf-bifurcation/scripts/generate_python_hopf_loci.py
python,upper_hopf,wa,9,199.0,30000.0,1.0,10000000000.0,10000.0,-2.3599676351733017,0.09442327913991519,0.09468942911445459,11.630130645548146,-13.743035819489524,112435.01008285784,1.0751656454229967e-06,1.5536327376259924,0.0033004030730489128,0.0,0.0033004030730489128,7.509020922683678e-13,7.493989643340679e-13,4.748836097444167e-14,8.720416420720805e-09,True,5,`gtol` termination condition is satisfied.,physical_ode_state,log_n_log_q_s_internal__physical_state_output,fixed_T_augmented_unknown_log_w,norm(v_real)^2 + norm(v_imag)^2 = 1,"dot(v_real, previous_v_imag) - dot(v_imag, previous_v_real) = 0",python_characteristic_augmented_hopf_least_squares_predictor_corrector,equilibrium rows use log-state/log-w residual; Hopf row uses physical ODE Jacobian characteristic-polynomial condition a1*a2-a3=0,episodes/006-figure3-hopf-bifurcation/scripts/generate_python_hopf_loci.py
python,upper_hopf,wa,10,200.0,30000.0,1.0,10000000000.0,10000.0,-2.2777721787840526,0.10251233165775554,0.1028102729020545,11.66100534854131,-13.595006766353679,115960.5526093599,1.2467046517478343e-06,1.5509911591619698,0.003562617587301871,0.0,0.003562617587301871,3.1192434024807083e-13,3.118935809424325e-13,4.3804344648153474e-15,3.74955534566835e-09,True,5,`gtol` termination condition is satisfied.,physical_ode_state,log_n_log_q_s_internal__physical_state_output,fixed_T_augmented_unknown_log_w,norm(v_real)^2 + norm(v_imag)^2 = 1,"dot(v_real, previous_v_imag) - dot(v_imag, previous_v_real) = 0",python_characteristic_augmented_hopf_least_squares_predictor_corrector,equilibrium rows use log-state/log-w residual; Hopf row uses physical ODE Jacobian characteristic-polynomial condition a1*a2-a3=0,episodes/006-figure3-hopf-bifurcation/scripts/generate_python_hopf_loci.py
python,upper_hopf,wa,11,201.0,30000.0,1.0,10000000000.0,10000.0,-2.196595465217653,0.11118103445012224,0.11151781667945866,11.691448697641032,-13.448667458300612,119545.06564624187,1.4431714672618498e-06,1.5483108961627343,0.0038420745648672875,0.0,0.0038420745648672875,1.0449981188880216e-13,1.0354871308559077e-13,1.4066794343880923e-14,1.2852865479712882e-09,True,5,`gtol` termination condition is satisfied.,physical_ode_state,log_n_log_q_s_internal__physical_state_output,fixed_T_augmented_unknown_log_w,norm(v_real)^2 + norm(v_imag)^2 = 1,"dot(v_real, previous_v_imag) - dot(v_imag, previous_v_real) = 0",python_characteristic_augmented_hopf_least_squares_predictor_corrector,equilibrium rows use log-state/log-w residual; Hopf row uses physical ODE Jacobian characteristic-polynomial condition a1*a2-a3=0,episodes/006-figure3-hopf-bifurcation/scripts/generate_python_hopf_loci.py
python,upper_hopf,wa,12,202.0,30000.0,1.0,10000000000.0,10000.0,-2.1164263047861542,0.12046135236146711,0.12084390107587739,11.721471399400453,-13.303993840438372,123188.55147205609,1.667818887700377e-06,1.5455922373694797,0.004139625817864019,0.0,0.004139625817864019,1.3134027207296951e-14,1.2485474750221961e-14,4.0762226317494475e-15,1.5180035057416e-10,True,5,`gtol` termination condition is satisfied.,physical_ode_state,log_n_log_q_s_internal__physical_state_output,fixed_T_augmented_unknown_log_w,norm(v_real)^2 + norm(v_imag)^2 = 1,"dot(v_real, previous_v_imag) - dot(v_imag, previous_v_real) = 0",python_characteristic_augmented_hopf_least_squares_predictor_corrector,equilibrium rows use log-state/log-w residual; Hopf row uses physical ODE Jacobian characteristic-polynomial condition a1*a2-a3=0,episodes/006-figure3-hopf-bifurcation/scripts/generate_python_hopf_loci.py
python,upper_hopf,wa,13,203.0,30000.0,1.0,10000000000.0,10000.0,-2.0372543968269192,0.1303862086685606,0.13082114552368268,11.75108400594132,-13.160962713550282,126891.03511578725,1.9242722501961807e-06,1.542835461865356,0.004456143485472833,0.0,0.004456143485472833,1.9844557565820563e-14,1.9509552509968436e-14,3.630953847675642e-15,2.5978153034288663e-10,True,5,`gtol` termination condition is satisfied.,physical_ode_state,log_n_log_q_s_internal__physical_state_output,fixed_T_augmented_unknown_log_w,norm(v_real)^2 + norm(v_imag)^2 = 1,"dot(v_real, previous_v_imag) - dot(v_imag, previous_v_real) = 0",python_characteristic_augmented_hopf_least_squares_predictor_corrector,equilibrium rows use log-state/log-w residual; Hopf row uses physical ODE Jacobian characteristic-polynomial condition a1*a2-a3=0,episodes/006-figure3-hopf-bifurcation/scripts/generate_python_hopf_loci.py
python,upper_hopf,wa,14,204.0,30000.0,1.0,10000000000.0,10000.0,-1.9590703007641952,0.14098943778103235,0.1414828798044634,11.780296998798015,-13.019551676291792,130652.57746892922,2.2165654020545575e-06,1.540040839601699,0.004792518551467896,0.0,0.004792518551467896,2.2986225603815777e-14,2.0494144713829285e-14,1.040944762982835e-14,2.8779112498337764e-10,True,5,`gtol` termination condition is satisfied.,physical_ode_state,log_n_log_q_s_internal__physical_state_output,fixed_T_augmented_unknown_log_w,norm(v_real)^2 + norm(v_imag)^2 = 1,"dot(v_real, previous_v_imag) - dot(v_imag, previous_v_real) = 0",python_characteristic_augmented_hopf_least_squares_predictor_corrector,equilibrium rows use log-state/log-w residual; Hopf row uses physical ODE Jacobian characteristic-polynomial condition a1*a2-a3=0,episodes/006-figure3-hopf-bifurcation/scripts/generate_python_hopf_loci.py
python,upper_hopf,wa,15,205.0,30000.0,1.0,10000000000.0,10000.0,-1.881865413782789,0.15230572739461024,0.15286306627508262,11.809120869245698,-12.879739073884602,134473.2897718449,2.549179350599195e-06,1.5372086318868903,0.005149659092695519,0.0,0.005149659092695519,2.296363247999396e-14,1.727350427740965e-14,1.5131241411547966e-14,2.5574564745618597e-10,True,5,`gtol` termination condition is satisfied.,physical_ode_state,log_n_log_q_s_internal__physical_state_output,fixed_T_augmented_unknown_log_w,norm(v_real)^2 + norm(v_imag)^2 = 1,"dot(v_real, previous_v_imag) - dot(v_imag, previous_v_real) = 0",python_characteristic_augmented_hopf_least_squares_predictor_corrector,equilibrium rows use log-state/log-w residual; Hopf row uses physical ODE Jacobian characteristic-polynomial condition a1*a2-a3=0,episodes/006-figure3-hopf-bifurcation/scripts/generate_python_hopf_loci.py
python,upper_hopf,wa,16,206.0,30000.0,1.0,10000000000.0,10000.0,-1.8056319585831204,0.1643705483689171,0.1649962124819275,11.83756619452745,-12.741503953959302,138353.34939891077,2.927083702552903e-06,1.5343390918369757,0.005528488225668894,0.0,0.005528488225668894,1.785705986586101e-14,1.295601451439521e-14,1.2288867928158585e-14,2.050128959513545e-10,True,5,`gtol` termination condition is satisfied.,physical_ode_state,log_n_log_q_s_internal__physical_state_output,fixed_T_augmented_unknown_log_w,norm(v_real)^2 + norm(v_imag)^2 = 1,"dot(v_real, previous_v_imag) - dot(v_imag, previous_v_real) = 0",python_characteristic_augmented_hopf_least_squares_predictor_corrector,equilibrium rows use log-state/log-w residual; Hopf row uses physical ODE Jacobian characteristic-polynomial condition a1*a2-a3=0,episodes/006-figure3-hopf-bifurcation/scripts/generate_python_hopf_loci.py
python,upper_hopf,wa,17,207.0,30000.0,1.0,10000000000.0,10000.0,-1.7303629776745193,0.1772200713644635,0.177917273916397,11.865643712051913,-12.604826027591656,142293.01722202674,3.355781000518098e-06,1.5314324647962247,0.005929941722179333,0.0,0.005929941722179333,1.1881226815830443e-14,9.221792593259988e-15,7.491467948012835e-15,1.597015855507651e-10,True,5,`gtol` termination condition is satisfied.,physical_ode_state,log_n_log_q_s_internal__physical_state_output,fixed_T_augmented_unknown_log_w,norm(v_real)^2 + norm(v_imag)^2 = 1,"dot(v_real, previous_v_imag) - dot(v_imag, previous_v_real) = 0",python_characteristic_augmented_hopf_least_squares_predictor_corrector,equilibrium rows use log-state/log-w residual; Hopf row uses physical ODE Jacobian characteristic-polynomial condition a1*a2-a3=0,episodes/006-figure3-hopf-bifurcation/scripts/generate_python_hopf_loci.py
python,upper_hopf,wa,18,208.0,30000.0,1.0,10000000000.0,10000.0,-1.656052334235465,0.19089106876438777,0.19166154671519123,11.89336439211448,-12.469685635051034,146292.65667134675,3.841354054920521e-06,1.5284889887304125,0.006354965259196079,0.0,0.006354965259196079,1.3461795252101496e-14,6.26032486869325e-15,1.1917561157716928e-14,1.1753797951280069e-10,True,5,`gtol` termination condition is satisfied.,physical_ode_state,log_n_log_q_s_internal__physical_state_output,fixed_T_augmented_unknown_log_w,norm(v_real)^2 + norm(v_imag)^2 = 1,"dot(v_real, previous_v_imag) - dot(v_imag, previous_v_real) = 0",python_characteristic_augmented_hopf_least_squares_predictor_corrector,equilibrium rows use log-state/log-w residual; Hopf row uses physical ODE Jacobian characteristic-polynomial condition a1*a2-a3=0,episodes/006-figure3-hopf-bifurcation/scripts/generate_python_hopf_loci.py
python,upper_hopf,wa,19,209.0,30000.0,1.0,10000000000.0,10000.0,-1.5826947189564304,0.20542080037705013,0.20626455016522202,11.920739509840129,-12.336063715620142,150352.7546512507,4.39051636134385e-06,1.5255088945960182,0.006804511266175228,0.0,0.006804511266175228,7.791538017180193e-15,4.170312844534093e-15,6.581531391088111e-15,9.005418642446176e-11,True,5,`gtol` termination condition is satisfied.,physical_ode_state,log_n_log_q_s_internal__physical_state_output,fixed_T_augmented_unknown_log_w,norm(v_real)^2 + norm(v_imag)^2 = 1,"dot(v_real, previous_v_imag) - dot(v_imag, previous_v_real) = 0",python_characteristic_augmented_hopf_least_squares_predictor_corrector,equilibrium rows use log-state/log-w residual; Hopf row uses physical ODE Jacobian characteristic-polynomial condition a1*a2-a3=0,episodes/006-figure3-hopf-bifurcation/scripts/generate_python_hopf_loci.py
python,upper_hopf,wa,20,210.0,30000.0,1.0,10000000000.0,10000.0,-1.510285662363978,0.22084688130544672,0.2217618989347088,11.947780716920088,-12.203941780944552,154473.94447452662,5.0106656824549185e-06,1.5224924066880592,0.007279535330155433,0.0,0.007279535330155433,6.16897046548216e-15,2.7179395157100634e-15,5.537960038943305e-15,6.839684379664676e-11,True,5,`gtol` termination condition is satisfied.,physical_ode_state,log_n_log_q_s_internal__physical_state_output,fixed_T_augmented_unknown_log_w,norm(v_real)^2 + norm(v_imag)^2 = 1,"dot(v_real, previous_v_imag) - dot(v_imag, previous_v_real) = 0",python_characteristic_augmented_hopf_least_squares_predictor_corrector,equilibrium rows use log-state/log-w residual; Hopf row uses physical ODE Jacobian characteristic-polynomial condition a1*a2-a3=0,episodes/006-figure3-hopf-bifurcation/scripts/generate_python_hopf_loci.py
python,upper_hopf,wa,21,211.0,30000.0,1.0,10000000000.0,10000.0,-1.4388215521626044,0.23720713026704854,0.23818916501934803,11.974500113604313,-12.073301891447535,158657.03098326828,5.709940860973019e-06,1.5194397429688775,0.007780992116393683,0.0,0.007780992116393683,4.108034425761365e-15,1.751942275684746e-15,3.7157294177468115e-15,4.7322146232996334e-11,True,5,`gtol` termination condition is satisfied.,physical_ode_state,log_n_log_q_s_internal__physical_state_output,fixed_T_augmented_unknown_log_w,norm(v_real)^2 + norm(v_imag)^2 = 1,"dot(v_real, previous_v_imag) - dot(v_imag, previous_v_real) = 0",python_characteristic_augmented_hopf_least_squares_predictor_corrector,equilibrium rows use log-state/log-w residual; Hopf row uses physical ODE Jacobian characteristic-polynomial condition a1*a2-a3=0,episodes/006-figure3-hopf-bifurcation/scripts/generate_python_hopf_loci.py
python,upper_hopf,wa,22,212.0,30000.0,1.0,10000000000.0,10000.0,-1.3682996551865299,0.2545393965453538,0.2555817294649985,12.000910321296564,-11.944126635419275,162903.018028434,6.497281915147188e-06,1.5163511153798268,0.00830983075979893,0.0,0.00830983075979893,5.326148190017431e-15,1.1350430794427164e-15,5.203799741519186e-15,3.652189663495543e-11,True,5,`gtol` termination condition is satisfied.,physical_ode_state,log_n_log_q_s_internal__physical_state_output,fixed_T_augmented_unknown_log_w,norm(v_real)^2 + norm(v_imag)^2 = 1,"dot(v_real, previous_v_imag) - dot(v_imag, previous_v_real) = 0",python_characteristic_augmented_hopf_least_squares_predictor_corrector,equilibrium rows use log-state/log-w residual; Hopf row uses physical ODE Jacobian characteristic-polynomial condition a1*a2-a3=0,episodes/006-figure3-hopf-bifurcation/scripts/generate_python_hopf_loci.py
python,upper_hopf,wa,23,213.0,30000.0,1.0,10000000000.0,10000.0,-1.2987181435747992,0.27288136366579835,0.27397462400592126,12.02702455598835,-11.816399110449767,167213.1384828385,7.38249345082892e-06,1.5132267301374809,0.008866989680239811,0.0,0.008866989680239811,5.791139022839243e-15,7.188927715614119e-16,5.746345305048088e-15,3.318234576716588e-11,True,5,`gtol` termination condition is satisfied.,physical_ode_state,log_n_log_q_s_internal__physical_state_output,fixed_T_augmented_unknown_log_w,norm(v_real)^2 + norm(v_imag)^2 = 1,"dot(v_real, previous_v_imag) - dot(v_imag, previous_v_real) = 0",python_characteristic_augmented_hopf_least_squares_predictor_corrector,equilibrium rows use log-state/log-w residual; Hopf row uses physical ODE Jacobian characteristic-polynomial condition a1*a2-a3=0,episodes/006-figure3-hopf-bifurcation/scripts/generate_python_hopf_loci.py
python,upper_hopf,wa,24,214.0,30000.0,1.0,10000000000.0,10000.0,-1.2300761247933092,0.29227032781569157,0.2934023628398887,12.05285670265757,-11.690102906924091,171588.8869641243,8.376311404293608e-06,1.5100667880157033,0.009453390773080177,0.0,0.009453390773080177,1.1981171213709552e-15,4.542241741927921e-16,1.1086771559390498e-15,2.218314421468866e-11,True,5,`gtol` termination condition is satisfied.,physical_ode_state,log_n_log_q_s_internal__physical_state_output,fixed_T_augmented_unknown_log_w,norm(v_real)^2 + norm(v_imag)^2 = 1,"dot(v_real, previous_v_imag) - dot(v_imag, previous_v_real) = 0",python_characteristic_augmented_hopf_least_squares_predictor_corrector,equilibrium rows use log-state/log-w residual; Hopf row uses physical ODE Jacobian characteristic-polynomial condition a1*a2-a3=0,episodes/006-figure3-hopf-bifurcation/scripts/generate_python_hopf_loci.py
python,upper_hopf,wa,25,215.0,30000.0,1.0,10000000000.0,10000.0,-1.1623736751242222,0.3127429489777669,0.31389876484806495,12.078421390640662,-11.565222093343525,176032.05544401158,9.490473107262252e-06,1.5068714846146585,0.010069932925194142,0.0,0.010069932925194142,3.759472603904985e-15,2.912167142607168e-16,3.748176501293305e-15,1.5631940189176685e-11,True,5,`gtol` termination condition is satisfied.,physical_ode_state,log_n_log_q_s_internal__physical_state_output,fixed_T_augmented_unknown_log_w,norm(v_real)^2 + norm(v_imag)^2 = 1,"dot(v_real, previous_v_imag) - dot(v_imag, previous_v_real) = 0",python_characteristic_augmented_hopf_least_squares_predictor_corrector,equilibrium rows use log-state/log-w residual; Hopf row uses physical ODE Jacobian characteristic-polynomial condition a1*a2-a3=0,episodes/006-figure3-hopf-bifurcation/scripts/generate_python_hopf_loci.py
python,upper_hopf,wa,26,216.0,30000.0,1.0,10000000000.0,10000.0,-1.0956118762200353,0.33433497273024626,0.33549676665795103,12.103734069865983,-11.441741203272018,180544.77191830112,1.0737790639946372e-05,1.503641010617596,0.010717484806480215,0.0,0.010717484806480215,3.1118383876420896e-15,2.0286506806460728e-16,3.1052188191755605e-15,1.944044925115395e-11,True,5,`gtol` termination condition is satisfied.,physical_ode_state,log_n_log_q_s_internal__physical_state_output,fixed_T_augmented_unknown_log_w,norm(v_real)^2 + norm(v_imag)^2 = 1,"dot(v_real, previous_v_imag) - dot(v_imag, previous_v_real) = 0",python_characteristic_augmented_hopf_least_squares_predictor_corrector,equilibrium rows use log-state/log-w residual; Hopf row uses physical ODE Jacobian characteristic-polynomial condition a1*a2-a3=0,episodes/006-figure3-hopf-bifurcation/scripts/generate_python_hopf_loci.py
python,upper_hopf,wa,27,217.0,30000.0,1.0,10000000000.0,10000.0,-1.0297928542851909,0.357080920691183,0.35822822704127233,12.128811087706488,-11.31964522373777,185129.54230797398,1.2132227409194184e-05,1.5003755520360318,0.01139687688780957,0.0,0.01139687688780957,2.6839292803215824e-16,1.39584084065756e-16,2.2924015200919587e-16,1.6683543435986875e-11,True,5,`gtol` termination condition is satisfied.,physical_ode_state,log_n_log_q_s_internal__physical_state_output,fixed_T_augmented_unknown_log_w,norm(v_real)^2 + norm(v_imag)^2 = 1,"dot(v_real, previous_v_imag) - dot(v_imag, previous_v_real) = 0",python_characteristic_augmented_hopf_least_squares_predictor_corrector,equilibrium rows use log-state/log-w residual; Hopf row uses physical ODE Jacobian characteristic-polynomial condition a1*a2-a3=0,episodes/006-figure3-hopf-bifurcation/scripts/generate_python_hopf_loci.py
python,upper_hopf,wa,28,218.0,30000.0,1.0,10000000000.0,10000.0,-0.9649198213992701,0.38101374766382246,0.3821237232350551,12.153669766067013,-11.198919584948234,189789.29575439513,1.368897785672799e-05,1.4970752904437223,0.012108892638679106,0.0,0.012108892638679106,1.9100893267135833e-15,7.444648076951424e-17,1.9086379849322354e-15,6.167510946759281e-12,True,5,`gtol` termination condition is satisfied.,physical_ode_state,log_n_log_q_s_internal__physical_state_output,fixed_T_augmented_unknown_log_w,norm(v_real)^2 + norm(v_imag)^2 = 1,"dot(v_real, previous_v_imag) - dot(v_imag, previous_v_real) = 0",python_characteristic_augmented_hopf_least_squares_predictor_corrector,equilibrium rows use log-state/log-w residual; Hopf row uses physical ODE Jacobian characteristic-polynomial condition a1*a2-a3=0,episodes/006-figure3-hopf-bifurcation/scripts/generate_python_hopf_loci.py
python,upper_hopf,wa,29,219.0,30000.0,1.0,10000000000.0,10000.0,-0.9009971184305423,0.4061644636873708,0.40721233987227035,12.178328478168826,-11.079550151199031,194527.43346144166,1.542455016688001e-05,1.4937404031996282,0.01285425886198769,0.0,0.01285425886198769,2.230830419117808e-15,4.685351674023045e-17,2.2303383390935126e-15,3.552713679061243e-12,True,5,`gtol` termination condition is satisfied.,physical_ode_state,log_n_log_q_s_internal__physical_state_output,fixed_T_augmented_unknown_log_w,norm(v_real)^2 + norm(v_imag)^2 = 1,"dot(v_real, previous_v_imag) - dot(v_imag, previous_v_real) = 0",python_characteristic_augmented_hopf_least_squares_predictor_corrector,equilibrium rows use log-state/log-w residual; Hopf row uses physical ODE Jacobian characteristic-polynomial condition a1*a2-a3=0,episodes/006-figure3-hopf-bifurcation/scripts/generate_python_hopf_loci.py
python,upper_hopf,wa,30,220.0,30000.0,1.0,10000000000.0,10000.0,-0.8380302589100899,0.43256171942868105,0.4335214513078588,12.202806724327242,-10.961523212876928,199347.88122332146,1.7356851803938834e-05,1.490371063659861,0.013633635129713013,0.0,0.013633635129713013,2.1402212290493319e-16,7.629602435572695e-17,1.9996096059042287e-16,1.4267698134086146e-11,True,5,`gtol` termination condition is satisfied.,physical_ode_state,log_n_log_q_s_internal__physical_state_output,fixed_T_augmented_unknown_log_w,norm(v_real)^2 + norm(v_imag)^2 = 1,"dot(v_real, previous_v_imag) - dot(v_imag, previous_v_real) = 0",python_characteristic_augmented_hopf_least_squares_predictor_corrector,equilibrium rows use log-state/log-w residual; Hopf row uses physical ODE Jacobian characteristic-polynomial condition a1*a2-a3=0,episodes/006-figure3-hopf-bifurcation/scripts/generate_python_hopf_loci.py
python,upper_hopf,wa,31,221.0,30000.0,1.0,10000000000.0,10000.0,-0.77602597314473,0.46023135368229573,0.4610764982256569,12.227125205835955,-10.844825479474958,204255.14575829305,1.9505277666002594e-05,1.4869674413784082,0.014447602292269681,0.0,0.014447602292269681,7.283484239753982e-16,4.5824606546343784e-17,7.269054492451678e-16,8.753886504579141e-12,True,5,`gtol` termination condition is satisfied.,physical_ode_state,log_n_log_q_s_internal__physical_state_output,fixed_T_augmented_unknown_log_w,norm(v_real)^2 + norm(v_imag)^2 = 1,"dot(v_real, previous_v_imag) - dot(v_imag, previous_v_real) = 0",python_characteristic_augmented_hopf_least_squares_predictor_corrector,equilibrium rows use log-state/log-w residual; Hopf row uses physical ODE Jacobian characteristic-polynomial condition a1*a2-a3=0,episodes/006-figure3-hopf-bifurcation/scripts/generate_python_hopf_loci.py
python,upper_hopf,wa,32,222.0,30000.0,1.0,10000000000.0,10000.0,-0.7149922517413337,0.4891959021980357,0.48990075951098594,12.25130589587585,-10.729444073553005,209254.37494515837,2.189080059490648e-05,1.48352970229623,0.01529665004646251,0.0,0.01529665004646251,2.8238899443956355e-16,1.1221299883492771e-17,2.8216595579465745e-16,1.136868377257111e-12,True,5,`gtol` termination condition is satisfied.,physical_ode_state,log_n_log_q_s_internal__physical_state_output,fixed_T_augmented_unknown_log_w,norm(v_real)^2 + norm(v_imag)^2 = 1,"dot(v_real, previous_v_imag) - dot(v_imag, previous_v_real) = 0",python_characteristic_augmented_hopf_least_squares_predictor_corrector,equilibrium rows use log-state/log-w residual; Hopf row uses physical ODE Jacobian characteristic-polynomial condition a1*a2-a3=0,episodes/006-figure3-hopf-bifurcation/scripts/generate_python_hopf_loci.py
python,upper_hopf,wa,33,223.0,30000.0,1.0,10000000000.0,10000.0,-0.6549383875967854,0.5194740676467992,0.520015120471294,12.275372106156816,-10.615366525589977,214351.42203063093,2.453606393016103e-05,1.4800580089181286,0.016181163562703934,0.0,0.016181163562703934,9.517247915686307e-16,6.269172521030181e-18,9.517041432936263e-16,2.273736755214265e-13,True,5,`gtol` termination condition is satisfied.,physical_ode_state,log_n_log_q_s_internal__physical_state_output,fixed_T_augmented_unknown_log_w,norm(v_real)^2 + norm(v_imag)^2 = 1,"dot(v_real, previous_v_imag) - dot(v_imag, previous_v_real) = 0",python_characteristic_augmented_hopf_least_squares_predictor_corrector,equilibrium rows use log-state/log-w residual; Hopf row uses physical ODE Jacobian characteristic-polynomial condition a1*a2-a3=0,episodes/006-figure3-hopf-bifurcation/scripts/generate_python_hopf_loci.py
python,upper_hopf,wa,34,224.0,30000.0,1.0,10000000000.0,10000.0,-0.5958750152804112,0.5510801512854383,0.5514378385826285,12.299348547779074,-10.502580769686332,219552.913840657,2.7465475738660663e-05,1.4765525204765928,0.01710140919205801,0.0,0.01710140919205801,7.376523743653527e-16,1.3281956351340111e-17,7.375327891303027e-16,2.7853275241823275e-12,True,5,`gtol` termination condition is satisfied.,physical_ode_state,log_n_log_q_s_internal__physical_state_output,fixed_T_augmented_unknown_log_w,norm(v_real)^2 + norm(v_imag)^2 = 1,"dot(v_real, previous_v_imag) - dot(v_imag, previous_v_real) = 0",python_characteristic_augmented_hopf_least_squares_predictor_corrector,equilibrium rows use log-state/log-w residual; Hopf row uses physical ODE Jacobian characteristic-polynomial condition a1*a2-a3=0,episodes/006-figure3-hopf-bifurcation/scripts/generate_python_hopf_loci.py
python,upper_hopf,wa,35,225.0,30000.0,1.0,10000000000.0,10000.0,-0.5378141465992997,0.5840234478105988,0.5841843080311976,12.323261384570586,-10.391075140086045,224866.322987239,3.070530429103207e-05,1.4730133930816331,0.01805751929814985,0.0,0.01805751929814985,6.821466938892016e-16,1.4317756815646307e-17,6.819964177499293e-16,3.069544618484736e-12,True,5,`gtol` termination condition is satisfied.,physical_ode_state,log_n_log_q_s_internal__physical_state_output,fixed_T_augmented_unknown_log_w,norm(v_real)^2 + norm(v_imag)^2 = 1,"dot(v_real, previous_v_imag) - dot(v_imag, previous_v_real) = 0",python_characteristic_augmented_hopf_least_squares_predictor_corrector,equilibrium rows use log-state/log-w residual; Hopf row uses physical ODE Jacobian characteristic-polynomial condition a1*a2-a3=0,episodes/006-figure3-hopf-bifurcation/scripts/generate_python_hopf_loci.py
python,upper_hopf,wa,36,226.0,30000.0,1.0,10000000000.0,10000.0,-0.4807692009969493,0.6183076060151793,0.6182668244068766,12.347138276922413,-10.28083836849708,230300.04401347472,3.4283774289648264e-05,1.4694407798554379,0.019049476288458125,0.0,0.019049476288458125,8.70055274279733e-16,3.2415677714093824e-17,8.694512086024824e-16,7.446487870766165e-12,True,5,`gtol` termination condition is satisfied.,physical_ode_state,log_n_log_q_s_internal__physical_state_output,fixed_T_augmented_unknown_log_w,norm(v_real)^2 + norm(v_imag)^2 = 1,"dot(v_real, previous_v_imag) - dot(v_imag, previous_v_real) = 0",python_characteristic_augmented_hopf_least_squares_predictor_corrector,equilibrium rows use log-state/log-w residual; Hopf row uses physical ODE Jacobian characteristic-polynomial condition a1*a2-a3=0,episodes/006-figure3-hopf-bifurcation/scripts/generate_python_hopf_loci.py
python,upper_hopf,wa,37,227.0,30000.0,1.0,10000000000.0,10000.0,-0.4247550292953364,0.6539299591929738,0.6536943509866011,12.37100841391207,-10.171859582198342,235863.4733631711,3.8231163282340564e-05,1.4658348310505156,0.020077095954277834,0.0,0.020077095954277834,2.4706208472457867e-16,6.12448942340865e-18,2.469861622394207e-16,8.526512829126786e-13,True,5,`gtol` termination condition is satisfied.,physical_ode_state,log_n_log_q_s_internal__physical_state_output,fixed_T_augmented_unknown_log_w,norm(v_real)^2 + norm(v_imag)^2 = 1,"dot(v_real, previous_v_imag) - dot(v_imag, previous_v_real) = 0",python_characteristic_augmented_hopf_least_squares_predictor_corrector,equilibrium rows use log-state/log-w residual; Hopf row uses physical ODE Jacobian characteristic-polynomial condition a1*a2-a3=0,episodes/006-figure3-hopf-bifurcation/scripts/generate_python_hopf_loci.py
python,upper_hopf,wa,38,228.0,30000.0,1.0,10000000000.0,10000.0,-0.3697879291566278,0.6908808307830547,0.6904722881207873,12.3949025312832,-10.064128302929378,241567.09299692573,4.257989761947507e-05,1.462195694149834,0.021140010268809073,0.0,0.021140010268809073,2.4365230777403697e-17,2.4365230777403697e-17,0.0,5.8548721426632296e-12,True,5,`gtol` termination condition is satisfied.,physical_ode_state,log_n_log_q_s_internal__physical_state_output,fixed_T_augmented_unknown_log_w,norm(v_real)^2 + norm(v_imag)^2 = 1,"dot(v_real, previous_v_imag) - dot(v_imag, previous_v_real) = 0",python_characteristic_augmented_hopf_least_squares_predictor_corrector,equilibrium rows use log-state/log-w residual; Hopf row uses physical ODE Jacobian characteristic-polynomial condition a1*a2-a3=0,episodes/006-figure3-hopf-bifurcation/scripts/generate_python_hopf_loci.py
python,upper_hopf,wa,39,229.0,30000.0,1.0,10000000000.0,10000.0,-0.3158856505190302,0.7291428225040474,0.7286022473028959,12.418852912650262,-9.957634446566749,247422.55740409458,4.736464723011057e-05,1.4585235139473491,0.022237649838297114,0.0,0.022237649838297114,1.1589245897298795e-15,7.941237047152211e-16,8.440815993077575e-16,7.992184692157958e-11,True,9,`gtol` termination condition is satisfied.,physical_ode_state,log_n_log_q_s_internal__physical_state_output,fixed_T_augmented_unknown_log_w,norm(v_real)^2 + norm(v_imag)^2 = 1,"dot(v_real, previous_v_imag) - dot(v_imag, previous_v_real) = 0",python_characteristic_augmented_hopf_least_squares_predictor_corrector,equilibrium rows use log-state/log-w residual; Hopf row uses physical ODE Jacobian characteristic-polynomial condition a1*a2-a3=0,episodes/006-figure3-hopf-bifurcation/scripts/generate_python_hopf_loci.py
python,upper_hopf,wa,40,230.0,30000.0,1.0,10000000000.0,10000.0,-0.26306738917140415,0.7686900941771816,0.7680818315601948,12.442893371127557,-9.852368323601405,253442.78367843357,5.2622418405036e-05,1.454818432607218,0.023369226251370886,0.0,0.023369226251370886,8.315609379520756e-15,6.469408566174087e-16,8.290405712678523e-15,1.6393641999457073e-10,True,3,`gtol` termination condition is satisfied.,physical_ode_state,log_n_log_q_s_internal__physical_state_output,fixed_T_augmented_unknown_log_w,norm(v_real)^2 + norm(v_imag)^2 = 1,"dot(v_real, previous_v_imag) - dot(v_imag, previous_v_real) = 0",python_characteristic_augmented_hopf_least_squares_predictor_corrector,equilibrium rows use log-state/log-w residual; Hopf row uses physical ODE Jacobian characteristic-polynomial condition a1*a2-a3=0,episodes/006-figure3-hopf-bifurcation/scripts/generate_python_hopf_loci.py
python,upper_hopf,wa,41,231.0,30000.0,1.0,10000000000.0,10000.0,-0.21135376653356674,0.8094876465826087,0.8089044238524087,12.46705920847753,-9.748320640426526,259642.04423948098,5.839264368124423e-05,1.4510805897000003,0.024533714626222055,0.0,0.024533714626222055,8.932075376826397e-16,3.99902619946019e-18,8.931985855130651e-16,6.821210263309369e-13,True,14,`gtol` termination condition is satisfied.,physical_ode_state,log_n_log_q_s_internal__physical_state_output,fixed_T_augmented_unknown_log_w,norm(v_real)^2 + norm(v_imag)^2 = 1,"dot(v_real, previous_v_imag) - dot(v_imag, previous_v_real) = 0",python_characteristic_augmented_hopf_least_squares_predictor_corrector,equilibrium rows use log-state/log-w residual; Hopf row uses physical ODE Jacobian characteristic-polynomial condition a1*a2-a3=0,episodes/006-figure3-hopf-bifurcation/scripts/generate_python_hopf_loci.py
python,upper_hopf,wa,42,232.0,30000.0,1.0,10000000000.0,10000.0,-0.16076679375237093,0.8514906208873152,0.8510589852019781,12.491387148796184,-9.645482501478542,266036.0616788285,6.471726782103291e-05,1.4473101222140619,0.025729836711681237,0.0,0.025729836711681237,3.108607613167098e-16,3.523007798080674e-17,3.0885798440686413e-16,9.208633855450908e-12,True,5,`gtol` termination condition is satisfied.,physical_ode_state,log_n_log_q_s_internal__physical_state_output,fixed_T_augmented_unknown_log_w,norm(v_real)^2 + norm(v_imag)^2 = 1,"dot(v_real, previous_v_imag) - dot(v_imag, previous_v_real) = 0",python_characteristic_augmented_hopf_least_squares_predictor_corrector,equilibrium rows use log-state/log-w residual; Hopf row uses physical ODE Jacobian characteristic-polynomial condition a1*a2-a3=0,episodes/006-figure3-hopf-bifurcation/scripts/generate_python_hopf_loci.py
python,upper_hopf,wa,43,233.0,30000.0,1.0,10000000000.0,10000.0,-0.11132981817280836,0.8946436305364636,0.8945298643053717,12.515915243825027,-9.543845412244524,272642.10511662374,7.164082877408525e-05,1.4435071645406596,0.026956044956665932,0.0,0.026956044956665932,7.394926897632387e-16,6.673348000349784e-17,7.364754448451709e-16,1.8189894035458565e-11,True,5,`gtol` termination condition is satisfied.,physical_ode_state,log_n_log_q_s_internal__physical_state_output,fixed_T_augmented_unknown_log_w,norm(v_real)^2 + norm(v_imag)^2 = 1,"dot(v_real, previous_v_imag) - dot(v_imag, previous_v_real) = 0",python_characteristic_augmented_hopf_least_squares_predictor_corrector,equilibrium rows use log-state/log-w residual; Hopf row uses physical ODE Jacobian characteristic-polynomial condition a1*a2-a3=0,episodes/006-figure3-hopf-bifurcation/scripts/generate_python_hopf_loci.py
python,upper_hopf,wa,44,234.0,30000.0,1.0,10000000000.0,10000.0,-0.06306745041946901,0.9388801436938166,0.9392966203874636,12.54068274708615,-9.443401283188155,279479.0873371255,7.921053239595669e-05,1.4396718484311979,0.028210508017638806,0.0,0.028210508017638806,1.1064507003449649e-15,2.7911801410131616e-18,1.1064471797638075e-15,6.821210263297306e-13,True,5,`gtol` termination condition is satisfied.,physical_ode_state,log_n_log_q_s_internal__physical_state_output,fixed_T_augmented_unknown_log_w,norm(v_real)^2 + norm(v_imag)^2 = 1,"dot(v_real, previous_v_imag) - dot(v_imag, previous_v_real) = 0",python_characteristic_augmented_hopf_least_squares_predictor_corrector,equilibrium rows use log-state/log-w residual; Hopf row uses physical ODE Jacobian characteristic-polynomial condition a1*a2-a3=0,episodes/006-figure3-hopf-bifurcation/scripts/generate_python_hopf_loci.py
python,upper_hopf,wa,45,235.0,30000.0,1.0,10000000000.0,10000.0,-0.016005470472136758,0.9841219364289272,0.9853338610604303,12.56572995432058,-9.344142434634131,286567.66186460946,8.747631957701027e-05,1.4358043029255334,0.02949109822518604,0.0,0.02949109822518604,5.136777408805561e-16,7.53802879620557e-17,5.081167519998818e-16,2.160049916710705e-11,True,5,`gtol` termination condition is satisfied.,physical_ode_state,log_n_log_q_s_internal__physical_state_output,fixed_T_augmented_unknown_log_w,norm(v_real)^2 + norm(v_imag)^2 = 1,"dot(v_real, previous_v_imag) - dot(v_imag, previous_v_real) = 0",python_characteristic_augmented_hopf_least_squares_predictor_corrector,equilibrium rows use log-state/log-w residual; Hopf row uses physical ODE Jacobian characteristic-polynomial condition a1*a2-a3=0,episodes/006-figure3-hopf-bifurcation/scripts/generate_python_hopf_loci.py
python,upper_hopf,wa,46,236.0,30000.0,1.0,10000000000.0,10000.0,0.02982928858590879,1.030278638616967,1.0326110969333075,12.591098008110757,-9.246061602663934,293930.31902509497,9.649092430800101e-05,1.4319046542505514,0.030795381572941052,0.0,0.030795381572941052,1.0214378811692689e-16,5.019744207925517e-17,8.895825009281307e-17,1.4665602066088474e-11,True,5,`gtol` termination condition is satisfied.,physical_ode_state,log_n_log_q_s_internal__physical_state_output,fixed_T_augmented_unknown_log_w,norm(v_real)^2 + norm(v_imag)^2 = 1,"dot(v_real, previous_v_imag) - dot(v_imag, previous_v_real) = 0",python_characteristic_augmented_hopf_least_squares_predictor_corrector,equilibrium rows use log-state/log-w residual; Hopf row uses physical ODE Jacobian characteristic-polynomial condition a1*a2-a3=0,episodes/006-figure3-hopf-bifurcation/scripts/generate_python_hopf_loci.py
python,upper_hopf,wa,47,237.0,30000.0,1.0,10000000000.0,10000.0,0.07440908008241691,1.0772473958251791,1.0810926146888526,12.61682866513407,-9.149151946081252,301591.47992581525,0.00010630992107362572,1.427973025688738,0.03212061082147122,0.0,0.03212061082147122,4.701182983165449e-16,3.545054802546831e-17,4.68779770315164e-16,1.0686562745831915e-11,True,5,`gtol` termination condition is satisfied.,physical_ode_state,log_n_log_q_s_internal__physical_state_output,fixed_T_augmented_unknown_log_w,norm(v_real)^2 + norm(v_imag)^2 = 1,"dot(v_real, previous_v_imag) - dot(v_imag, previous_v_real) = 0",python_characteristic_augmented_hopf_least_squares_predictor_corrector,equilibrium rows use log-state/log-w residual; Hopf row uses physical ODE Jacobian characteristic-polynomial condition a1*a2-a3=0,episodes/006-figure3-hopf-bifurcation/scripts/generate_python_hopf_loci.py
python,upper_hopf,wa,48,238.0,30000.0,1.0,10000000000.0,10000.0,0.1177054069697458,1.1249126711171897,1.1307373702988248,12.642964025227258,-9.053407054511668,309577.5871736516,0.00011699175982280424,1.4240095374170925,0.0334637223214829,0.0,0.0334637223214829,1.7916014163890877e-15,7.161729763614532e-17,1.7901694327316287e-15,2.216893335571513e-11,True,5,`gtol` termination condition is satisfied.,physical_ode_state,log_n_log_q_s_internal__physical_state_output,fixed_T_augmented_unknown_log_w,norm(v_real)^2 + norm(v_imag)^2 = 1,"dot(v_real, previous_v_imag) - dot(v_imag, previous_v_real) = 0",python_characteristic_augmented_hopf_least_squares_predictor_corrector,equilibrium rows use log-state/log-w residual; Hopf row uses physical ODE Jacobian characteristic-polynomial condition a1*a2-a3=0,episodes/006-figure3-hopf-bifurcation/scripts/generate_python_hopf_loci.py
python,upper_hopf,wa,49,239.0,30000.0,1.0,10000000000.0,10000.0,0.1596892085603375,1.1731462105283657,1.181498903988153,12.66954622234374,-8.95882095770809,317917.1910487192,0.0001285977866140607,1.4200143063174513,0.03482133715018062,0.0,0.03482133715018062,1.8893295761391644e-15,8.271496652464878e-17,1.8875180745060483e-15,2.6261659513693325e-11,True,5,`gtol` termination condition is satisfied.,physical_ode_state,log_n_log_q_s_internal__physical_state_output,fixed_T_augmented_unknown_log_w,norm(v_real)^2 + norm(v_imag)^2 = 1,"dot(v_real, previous_v_imag) - dot(v_imag, previous_v_real) = 0",python_characteristic_augmented_hopf_least_squares_predictor_corrector,equilibrium rows use log-state/log-w residual; Hopf row uses physical ODE Jacobian characteristic-polynomial condition a1*a2-a3=0,episodes/006-figure3-hopf-bifurcation/scripts/generate_python_hopf_loci.py
python,upper_hopf,wa,50,240.0,30000.0,1.0,10000000000.0,10000.0,0.20033106988467983,1.2218071947751592,1.233325278481749,12.696617078551002,-8.865388136140496,326641.02975301957,0.000141192247875977,1.415987445760121,0.03618976711723534,0.0,0.03618976711723534,1.5124685750584128e-16,1.0581287936921527e-16,1.0807056243486548e-16,3.4560798667371286e-11,True,5,`gtol` termination condition is satisfied.,physical_ode_state,log_n_log_q_s_internal__physical_state_output,fixed_T_augmented_unknown_log_w,norm(v_real)^2 + norm(v_imag)^2 = 1,"dot(v_real, previous_v_imag) - dot(v_imag, previous_v_real) = 0",python_characteristic_augmented_hopf_least_squares_predictor_corrector,equilibrium rows use log-state/log-w residual; Hopf row uses physical ODE Jacobian characteristic-polynomial condition a1*a2-a3=0,episodes/006-figure3-hopf-bifurcation/scripts/generate_python_hopf_loci.py
